snapped_at,price,market_cap,total_volume
2023-05-16 00:00:00 UTC,0.3172913353210198,0.0,11759588.879322775
2023-05-17 00:00:00 UTC,0.3172913353210198,0.0,11759588.879322775
2023-05-18 00:00:00 UTC,0.217070391151048,0.0,3178999.897680542
2023-05-19 00:00:00 UTC,0.18578440794521128,0.0,1524311.6340760957
2023-05-20 00:00:00 UTC,0.15662726306642188,0.0,1897156.9598105878
2023-05-21 00:00:00 UTC,0.22135814589834876,0.0,4708998.323824763
2023-05-22 00:00:00 UTC,0.1912860008593884,0.0,2184328.088295747
2023-05-23 00:00:00 UTC,0.18036092007787324,0.0,1453491.1848168094
2023-05-24 00:00:00 UTC,0.16900598408529485,0.0,1261312.2147279456
2023-05-25 00:00:00 UTC,0.15798187571094013,0.0,986873.4810016052
2023-05-26 00:00:00 UTC,0.1618274067401931,0.0,1016615.016405022
2023-05-27 00:00:00 UTC,0.1601377989906738,0.0,1075000.2395747015
2023-05-28 00:00:00 UTC,0.16272778700359816,0.0,1149879.250396613
2023-05-29 00:00:00 UTC,0.16409022729494097,0.0,782991.1425069736
2023-05-30 00:00:00 UTC,0.16203525537183253,0.0,560320.4090282464
2023-05-31 00:00:00 UTC,0.15663400173534975,0.0,437647.5620321983
2023-06-01 00:00:00 UTC,0.1526963040217382,0.0,418115.6562248092
2023-06-02 00:00:00 UTC,0.14369338500809464,0.0,440492.12308685307
2023-06-03 00:00:00 UTC,0.14099806535288595,0.0,330702.22525136627
2023-06-04 00:00:00 UTC,0.13937671144148892,0.0,716297.3348457905
2023-06-05 00:00:00 UTC,0.14040965343499276,0.0,597736.454521855
2023-06-06 00:00:00 UTC,0.12365599893974605,0.0,433615.2608653971
2023-06-07 00:00:00 UTC,0.12207056036067222,0.0,988175.5828968143
2023-06-08 00:00:00 UTC,0.122626644248136,0.0,824859.1487125988
2023-06-09 00:00:00 UTC,0.11810753248746762,0.0,791141.9753526697
2023-06-10 00:00:00 UTC,0.1233747781630903,0.0,1333596.5440520076
2023-06-11 00:00:00 UTC,0.09250367176166999,0.0,1558657.7279828752
2023-06-12 00:00:00 UTC,0.09334388769393906,0.0,1148268.4760582387
2023-06-13 00:00:00 UTC,0.09100256171206667,0.0,783653.8034033814
2023-06-14 00:00:00 UTC,0.0906783563371068,0.0,899112.7005598848
2023-06-15 00:00:00 UTC,0.0827804081528201,0.0,1002271.9306145199
2023-06-16 00:00:00 UTC,0.07687041766074061,0.0,579296.8156497121
2023-06-17 00:00:00 UTC,0.08001867815126469,0.0,743698.0643720014
2023-06-18 00:00:00 UTC,0.07951945433602767,0.0,504095.2538663411
2023-06-19 00:00:00 UTC,0.0801237944014373,0.0,688262.6887463374
2023-06-20 00:00:00 UTC,0.07962084506621198,0.0,442497.53533703374
2023-06-21 00:00:00 UTC,0.07886112287726844,0.0,514839.5454923784
2023-06-22 00:00:00 UTC,0.07788737009272231,0.0,298739.5555400419
2023-06-23 00:00:00 UTC,0.07790159939638247,0.0,316353.7521112383
2023-06-24 00:00:00 UTC,0.07753594190673464,0.0,285561.20326482266
2023-06-25 00:00:00 UTC,0.0782852930192126,0.0,358475.76603322214
2023-06-26 00:00:00 UTC,0.07707569498720267,0.0,243698.9392831826
2023-06-27 00:00:00 UTC,0.07525382852472381,0.0,349336.90265853656
2023-06-28 00:00:00 UTC,0.07493132927091822,0.0,277852.94280671864
2023-06-29 00:00:00 UTC,0.07724447391270355,0.0,370786.25967805024
2023-06-30 00:00:00 UTC,0.08158155946560769,0.0,375664.3523222286
2023-07-01 00:00:00 UTC,0.07695878432744176,0.0,473974.41710998066
2023-07-02 00:00:00 UTC,0.0776002880435689,0.0,411615.1874454031
2023-07-03 00:00:00 UTC,0.07796152973831519,0.0,255686.3089985982
2023-07-04 00:00:00 UTC,0.07889867537776843,0.0,272994.31120218337
2023-07-05 00:00:00 UTC,0.07883220493033828,0.0,220427.3411980363
2023-07-06 00:00:00 UTC,0.07833648256515688,0.0,280320.35631790844
2023-07-07 00:00:00 UTC,0.07757004817140964,0.0,231218.31882511152
2023-07-08 00:00:00 UTC,0.0743881323600783,0.0,311051.8484792348
2023-07-09 00:00:00 UTC,0.07242673733553229,0.0,376244.0749007554
2023-07-10 00:00:00 UTC,0.07331794720615162,0.0,287248.7707219992
2023-07-11 00:00:00 UTC,0.07687731625809577,0.0,410298.9098485037
2023-07-12 00:00:00 UTC,0.07547829917091285,0.0,331245.717737517
2023-07-13 00:00:00 UTC,0.075221197427339,0.0,273208.4002786598
2023-07-14 00:00:00 UTC,0.07325964733015113,0.0,384859.8358916062
2023-07-15 00:00:00 UTC,0.07119692720029366,0.0,393376.78011112555
2023-07-16 00:00:00 UTC,0.07269261926322183,0.0,368740.51110490016
2023-07-17 00:00:00 UTC,0.07072373115914384,0.0,443524.4198863654
2023-07-18 00:00:00 UTC,0.07081910944426503,0.0,353183.2742041138
2023-07-19 00:00:00 UTC,0.07131099284760466,0.0,206820.6997500303
2023-07-20 00:00:00 UTC,0.07061148854419509,0.0,172149.36512059468
2023-07-21 00:00:00 UTC,0.07213348734732832,0.0,384579.4030629654
2023-07-22 00:00:00 UTC,0.0695996659896015,0.0,450880.89822536684
2023-07-23 00:00:00 UTC,0.0701414218375565,0.0,214748.97738731283
2023-07-24 00:00:00 UTC,0.07089828568085378,0.0,317524.0720607173
2023-07-25 00:00:00 UTC,0.06499660682404147,0.0,388984.3853286819
2023-07-26 00:00:00 UTC,0.06305375589676174,0.0,486606.0843800299
2023-07-27 00:00:00 UTC,0.06287813817507597,0.0,231372.74730762935
2023-07-28 00:00:00 UTC,0.06265384785136072,0.0,148270.29168659096
2023-07-29 00:00:00 UTC,0.06309418473356308,0.0,816737.1552790358
2023-07-30 00:00:00 UTC,0.06254721153154813,0.0,292547.8425534297
2023-07-31 00:00:00 UTC,0.06277913024573457,0.0,97969.32405210119
2023-08-01 00:00:00 UTC,0.06265760230956242,0.0,110228.63731805027
2023-08-02 00:00:00 UTC,0.06288882039832172,0.0,128904.84555343498
2023-08-03 00:00:00 UTC,0.06315114194354333,0.0,96965.55365823484
2023-08-04 00:00:00 UTC,0.062108336880621416,0.0,99793.65391790934
2023-08-05 00:00:00 UTC,0.06230541988763096,0.0,131895.8320834504
2023-08-06 00:00:00 UTC,0.0625011635168529,0.0,128892.33330289714
2023-08-07 00:00:00 UTC,0.06285931425820755,0.0,119677.23330095295
2023-08-08 00:00:00 UTC,0.062433468952803876,0.0,134272.67084587493
2023-08-09 00:00:00 UTC,0.06256052237880622,0.0,99006.10050372081
2023-08-10 00:00:00 UTC,0.06259293618504742,0.0,115899.64077390466
2023-08-11 00:00:00 UTC,0.06254336134257017,0.0,109680.8031238626
2023-08-12 00:00:00 UTC,0.06247953923069834,0.0,95527.14029879459
2023-08-13 00:00:00 UTC,0.06335722760398063,0.0,177515.4829419812
2023-08-14 00:00:00 UTC,0.06410931185476106,0.0,150463.91397842317
2023-08-15 00:00:00 UTC,0.06363864268215992,0.0,137983.36777967427
2023-08-16 00:00:00 UTC,0.06382929926949564,0.0,148915.78678191203
2023-08-17 00:00:00 UTC,0.06330618487329209,0.0,88987.31395073976
2023-08-18 00:00:00 UTC,0.06220510543714275,2258947.46974154,102542.99388731268
2023-08-19 00:00:00 UTC,0.061911053803791125,2250109.7212944413,102638.10308818644
2023-08-20 00:00:00 UTC,0.062246318502163715,2271910.888774729,92389.62106428984
2023-08-21 00:00:00 UTC,0.062016740558894605,2258803.0071755582,103351.91346199428
2023-08-22 00:00:00 UTC,0.0617927318525566,2248068.334611022,128294.23340275748
2023-08-23 00:00:00 UTC,0.062137386157022946,2263862.3307589446,142117.871659798
2023-08-24 00:00:00 UTC,0.06377414432729442,2322725.2729871185,135156.1004436584
2023-08-25 00:00:00 UTC,0.06280748463036136,2293768.0163227245,96591.28575058811
2023-08-26 00:00:00 UTC,0.06509426710031775,2371754.7953118123,82309.00706888702
2023-08-27 00:00:00 UTC,0.07157699810514892,2609974.747708987,328360.43414064957
2023-08-28 00:00:00 UTC,0.06771689723061668,2470020.427606014,160520.02480285612
2023-08-29 00:00:00 UTC,0.07044845778928546,2567588.0522929896,193518.40663212418
2023-08-30 00:00:00 UTC,0.0718145368895175,2616731.371984148,105860.48620664858
2023-08-31 00:00:00 UTC,0.0725311542391268,2642304.450762039,108434.30385957217
2023-09-01 00:00:00 UTC,0.08353384238920826,3036548.916935485,196612.14972841842
2023-09-02 00:00:00 UTC,0.10281977093549195,3852920.7675930886,775754.561569075
2023-09-03 00:00:00 UTC,0.10881174259161984,4017212.906921448,647359.6533302998
2023-09-04 00:00:00 UTC,0.10316496957723376,3750921.737359687,195520.50274596724
2023-09-05 00:00:00 UTC,0.09697437448206225,3507594.6456760024,192863.78815150112
2023-09-06 00:00:00 UTC,0.09111000709168258,3307944.6411441686,162107.68478009623
2023-09-07 00:00:00 UTC,0.09299522704809868,4232730.246407069,157050.78107186937
2023-09-08 00:00:00 UTC,0.09011113890236168,4319042.549365255,113086.27906461223
2023-09-09 00:00:00 UTC,0.0931793037974632,4455769.72933581,96858.58417345444
2023-09-10 00:00:00 UTC,0.08985800963268634,4294452.701991036,116032.3949725607
2023-09-11 00:00:00 UTC,0.0892612838619316,4285017.673472706,94775.06268912344
2023-09-12 00:00:00 UTC,0.08959779252206586,4281836.119492669,111295.3268205057
2023-09-13 00:00:00 UTC,0.09174387463229884,4386292.35836872,106582.71057687775
2023-09-14 00:00:00 UTC,0.08951783484594097,4293668.825191993,109470.8864191659
2023-09-15 00:00:00 UTC,0.08766669697378601,4202554.029188516,119331.5618268176
2023-09-16 00:00:00 UTC,0.0813471410362312,3896273.9581719674,159888.008439006
2023-09-17 00:00:00 UTC,0.08227424754895664,3948037.557987471,123274.98363609143
2023-09-18 00:00:00 UTC,0.08315972006052626,3983067.533109415,88297.49972013154
2023-09-19 00:00:00 UTC,0.08248943073859948,3951550.8829425275,104052.23461535719
2023-09-20 00:00:00 UTC,0.0821896727744385,3922673.6822197656,111167.01912198542
2023-09-21 00:00:00 UTC,0.09066299552338906,4346445.754979281,165299.82804642664
2023-09-22 00:00:00 UTC,0.08875088788543391,4252315.811273033,182424.26354860596
2023-09-23 00:00:00 UTC,0.09478003643951252,4525062.470284602,129626.02965489421
2023-09-24 00:00:00 UTC,0.10198434960958733,4880870.43367569,169797.72947100716
2023-09-25 00:00:00 UTC,0.10535919847726889,5037106.591406587,215124.22086843316
2023-09-26 00:00:00 UTC,0.10064271587985921,4820103.82748824,179017.43746557678
2023-09-27 00:00:00 UTC,0.09771986699330104,4677002.759961622,148837.06297146276
2023-09-28 00:00:00 UTC,0.09911489838906792,4710444.411882501,139308.86636758837
2023-09-29 00:00:00 UTC,0.09987704258508778,4784709.184589925,188419.3414725512
2023-09-30 00:00:00 UTC,0.1031566003320981,4938514.041496685,166310.0200687629
2023-10-01 00:00:00 UTC,0.10035633438408373,4804433.740534203,168437.99425273825
2023-10-02 00:00:00 UTC,0.10324535541891942,4931292.852116248,129149.86968064151
2023-10-03 00:00:00 UTC,0.10029120815827518,4796593.597639133,155075.07499605636
2023-10-04 00:00:00 UTC,0.10056826045425328,4805611.557436227,98328.81825857284
2023-10-05 00:00:00 UTC,0.10069818105912194,4820111.748607178,99451.38510496769
2023-10-06 00:00:00 UTC,0.09876461825834539,4727508.8156606015,99509.07931850744
2023-10-07 00:00:00 UTC,0.10581531581062595,5069129.47218169,161865.26552836425
2023-10-08 00:00:00 UTC,0.1041866985593078,4984542.562653244,108585.99224581239
2023-10-09 00:00:00 UTC,0.10400070455927192,4970473.755499742,86096.80583621615
2023-10-10 00:00:00 UTC,0.10340937539553818,4936088.245860786,103575.41508458665
2023-10-11 00:00:00 UTC,0.10182036314260251,4863234.48921632,85588.83686166033
2023-10-12 00:00:00 UTC,0.09957989765937897,4764162.1912444085,97410.22132207794
2023-10-13 00:00:00 UTC,0.09612668026207709,4597051.0080314055,86261.47153026378
2023-10-14 00:00:00 UTC,0.09278597084880462,4438725.108852512,92733.56585900544
2023-10-15 00:00:00 UTC,0.09321936359036757,4463851.626458229,71481.76749182309
2023-10-16 00:00:00 UTC,0.09204961236684216,4417355.695056154,78511.12488526908
2023-10-17 00:00:00 UTC,0.0885060751427414,4209097.50981988,104535.37759860608
2023-10-18 00:00:00 UTC,0.08558592598131458,4084696.8665652815,82088.06604358721
2023-10-19 00:00:00 UTC,0.08372905273962662,4006249.3124126727,100762.2708864428
2023-10-20 00:00:00 UTC,0.08166721717623668,3906482.503945711,93159.75868907101
2023-10-21 00:00:00 UTC,0.07978593170596551,3812032.6092357333,115898.74048082237
2023-10-22 00:00:00 UTC,0.08083265135363597,3848659.4985581907,76200.8597594612
2023-10-23 00:00:00 UTC,0.08094151410092247,3834066.345770512,84664.6395611894
2023-10-24 00:00:00 UTC,0.08461107191703342,4057424.4450611575,98074.34195477447
2023-10-25 00:00:00 UTC,0.08559803130799057,4091362.890927477,105847.55388537547
2023-10-26 00:00:00 UTC,0.0847844195691625,3866344.8571626716,117786.09064778779
2023-10-27 00:00:00 UTC,0.08756729346332871,3991173.3036394417,133433.7200017239
2023-10-28 00:00:00 UTC,0.0842213097228896,3838704.674699925,131883.17866680594
2023-10-29 00:00:00 UTC,0.08623745710998328,3928075.9336515726,132930.97557377318
2023-10-30 00:00:00 UTC,0.08882105904434846,4046736.5491148597,124466.44798967207
2023-10-31 00:00:00 UTC,0.08667511970368394,3947596.491118556,97959.29929744909
2023-11-01 00:00:00 UTC,0.0863091865490387,3930725.301201195,92647.90411410354
2023-11-02 00:00:00 UTC,0.08803667645247935,4009723.433117388,108979.8890692915
2023-11-03 00:00:00 UTC,0.08905704417415408,4065905.5767922946,150886.15852262324
2023-11-04 00:00:00 UTC,0.10187337992707593,4654757.841625858,157148.84824669347
2023-11-05 00:00:00 UTC,0.12988138290791842,5912012.514632653,527647.0650723135
2023-11-06 00:00:00 UTC,0.14817208947991867,6749826.659586303,893010.2675232979
2023-11-07 00:00:00 UTC,0.26144842281157893,11910907.6573502,3371004.245912248
2023-11-08 00:00:00 UTC,0.37780455039426625,17477991.452281237,9889978.99977288
2023-11-09 00:00:00 UTC,0.2899240196175796,13351893.865077952,3521436.265476204
2023-11-10 00:00:00 UTC,0.22262368204594105,10191581.279220492,3422455.2628331175
2023-11-11 00:00:00 UTC,0.22195781434436992,9803614.917214304,2153839.5437006447
2023-11-12 00:00:00 UTC,0.22713678839264495,10432434.109252898,727035.7189557798
2023-11-13 00:00:00 UTC,0.21774802121017878,10015959.622805,589834.9428158485
2023-11-14 00:00:00 UTC,0.20914790300760944,10066571.801562408,660196.2674121942
2023-11-15 00:00:00 UTC,0.20734500546208198,10033282.195620436,959102.0266106415
2023-11-16 00:00:00 UTC,0.1946557173211752,9592506.50662009,1427263.4430563843
2023-11-17 00:00:00 UTC,0.18620994741359498,9043414.88835909,1017090.4520075362
2023-11-18 00:00:00 UTC,0.1920289146533146,9329582.686002936,901311.4793577534
2023-11-19 00:00:00 UTC,0.18626260981027826,9095576.866850238,806624.9439727323
2023-11-20 00:00:00 UTC,0.24945621071818921,12161484.412197793,2658101.270372724
2023-11-21 00:00:00 UTC,0.26032761586582276,12659594.240383286,4412680.282102183
2023-11-22 00:00:00 UTC,0.24131986316046872,11826478.73696271,1648977.2149339337
2023-11-23 00:00:00 UTC,0.2880847749284202,14032530.8825427,2989608.1818654663
2023-11-24 00:00:00 UTC,0.2823248654438842,13846866.292415218,1437957.411931621
2023-11-25 00:00:00 UTC,0.27665922671160026,13587513.688425982,1357055.201643591
2023-11-26 00:00:00 UTC,0.3077199401462033,14768889.004653368,1443673.1750977284
2023-11-27 00:00:00 UTC,0.313665213060143,15354568.269882029,1258909.8259317887
2023-11-28 00:00:00 UTC,0.29981402719787464,14240367.55212556,965579.6988243762
2023-11-29 00:00:00 UTC,0.2739293314517617,13228586.403531507,1008878.3338661119
2023-11-30 00:00:00 UTC,0.2512070536455711,12216328.663443737,1001892.5877431447
2023-12-01 00:00:00 UTC,0.2558799769161086,12560993.727949107,727416.0822398388
2023-12-02 00:00:00 UTC,0.25829531084433766,12651046.900258686,597456.4301141365
2023-12-03 00:00:00 UTC,0.26946068975677295,13246689.596725717,459429.53685989365
2023-12-04 00:00:00 UTC,0.2614912003624326,12800394.315006908,589233.7591540427
2023-12-05 00:00:00 UTC,0.2558085477237883,12534675.632611554,807167.1524574686
2023-12-06 00:00:00 UTC,0.27830609630242437,13689823.240384396,1006888.3087393187
2023-12-07 00:00:00 UTC,0.2764819327094298,13601793.251631413,872250.8010582686
2023-12-08 00:00:00 UTC,0.26235379211178816,12879090.214091871,862795.0132534314
2023-12-09 00:00:00 UTC,0.2656014774152995,12950234.89155708,793004.4312832521
2023-12-10 00:00:00 UTC,0.250137331824779,12276984.599602047,957125.0166694669
2023-12-11 00:00:00 UTC,0.24660791631887546,12069020.8959235,723075.5829077308
2023-12-12 00:00:00 UTC,0.24843935931618158,12099098.169670472,999855.3463582073
2023-12-13 00:00:00 UTC,0.23378713169101129,11834072.685881736,1124332.3665790837
2023-12-14 00:00:00 UTC,0.24244508137111778,12284806.73868341,873377.3835971447
2023-12-15 00:00:00 UTC,0.24954475702417472,12644922.992511861,1355480.124892379
2023-12-16 00:00:00 UTC,0.2362343604794135,11968588.450364854,785665.934990233
2023-12-17 00:00:00 UTC,0.23393484638089743,11816294.419271497,936982.2655768865
2023-12-18 00:00:00 UTC,0.23216691891183802,11746636.453664303,873968.1369868361
2023-12-19 00:00:00 UTC,0.23023154990974753,11643655.860168917,1008701.8163571153
2023-12-20 00:00:00 UTC,0.22806198288556573,11538437.594432173,765203.5207364974
2023-12-21 00:00:00 UTC,0.2270451037752827,11496900.207775885,784520.1170853047
2023-12-22 00:00:00 UTC,0.2273865674651485,11504651.240735626,865968.9938317043
2023-12-23 00:00:00 UTC,0.2599215384204923,13286433.657346845,1907668.5590454931
2023-12-24 00:00:00 UTC,0.3250170721172025,16406158.394240018,3044437.829629746
2023-12-25 00:00:00 UTC,0.30767845892497103,15565718.829170445,1796240.277067442
2023-12-26 00:00:00 UTC,0.3688731696256361,18910426.949660826,2281317.40015056
2023-12-27 00:00:00 UTC,0.39268518091999444,19919284.759084284,3609988.6209958615
2023-12-28 00:00:00 UTC,0.40993168677974945,20838354.62708762,1981992.4728861311
2023-12-29 00:00:00 UTC,0.4221993467434952,21451623.969345395,2257661.4148695967
2023-12-30 00:00:00 UTC,0.44335454860797735,35384844.50499282,1623002.3518218182
2023-12-31 00:00:00 UTC,0.40962343415549957,32421570.545748625,1222918.7854767602
2024-01-01 00:00:00 UTC,0.4146793917706179,32901770.56952064,842230.7470241163
2024-01-02 00:00:00 UTC,0.4055357788295382,32162486.67247382,1336743.6533598532
2024-01-03 00:00:00 UTC,0.39526071551476477,31350169.678053737,1378737.0262518353
2024-01-04 00:00:00 UTC,0.3497806670789775,27850342.7063505,1938887.88986907
2024-01-05 00:00:00 UTC,0.431243417165357,34419654.95772259,2556014.6686695465
2024-01-06 00:00:00 UTC,0.41966760159131894,33190896.666492425,1428008.3420791475
2024-01-07 00:00:00 UTC,0.41300418950597984,32972943.577735983,1043584.3768564813
2024-01-08 00:00:00 UTC,0.4926040363663429,39399564.548305094,2496919.722378381
2024-01-09 00:00:00 UTC,0.48744556486014184,38675139.657404155,2907464.680638754
2024-01-10 00:00:00 UTC,0.46333961576147603,36690634.49216356,2248084.8382103113
2024-01-11 00:00:00 UTC,0.5079799730421614,40612426.65733153,1700197.2855788812
2024-01-12 00:00:00 UTC,0.5497180883582473,43628288.562913865,2542329.4583597826
2024-01-13 00:00:00 UTC,0.5264193560000086,41685079.61957382,1859172.7974125913
2024-01-14 00:00:00 UTC,0.542957722834459,43143447.976041816,1576567.15801678
2024-01-15 00:00:00 UTC,0.5236738371150274,41779098.829533376,1027700.8495025999
2024-01-16 00:00:00 UTC,0.5066089393486278,55438965.49713143,1627250.1115954719
2024-01-17 00:00:00 UTC,0.5144833443096184,56322434.55261484,750172.8150605876
2024-01-18 00:00:00 UTC,0.510993646170045,55949032.15757182,734821.9010665228
2024-01-19 00:00:00 UTC,0.49101502923118256,53795833.31089605,1102006.747280264
2024-01-20 00:00:00 UTC,0.48210353602995676,52869619.159599625,1243733.7880778774
2024-01-21 00:00:00 UTC,0.4943760647587943,54126051.58035943,1090810.8292601744
2024-01-22 00:00:00 UTC,0.5029095225263899,55151654.50492523,752732.752424277
2024-01-23 00:00:00 UTC,0.47949013623411113,52587122.24222544,1132191.614875785
2024-01-24 00:00:00 UTC,0.46947188494128017,51408968.856207125,1125704.8648376593
2024-01-25 00:00:00 UTC,0.46441138513080743,51027567.8422716,1012077.0645865308
2024-01-26 00:00:00 UTC,0.453900556381645,49747601.726906694,896379.9333545141
2024-01-27 00:00:00 UTC,0.4671558684340627,51225503.01961437,946819.1967772502
2024-01-28 00:00:00 UTC,0.4214966758364931,46215474.529777706,1189081.4224701165
2024-01-29 00:00:00 UTC,0.41193469227798046,45128229.14490074,839469.2832508686
2024-01-30 00:00:00 UTC,0.42495848221586524,46616465.64389529,826823.0345370336
2024-01-31 00:00:00 UTC,0.4187128015955254,45938134.435590774,1094620.994612465
2024-02-01 00:00:00 UTC,0.40172342838793945,44127067.20665508,948546.3705226697
2024-02-02 00:00:00 UTC,0.4036622988329597,44278568.23012955,871804.0958412916
2024-02-03 00:00:00 UTC,0.40510571601172657,44599972.01308177,736265.5186634022
2024-02-04 00:00:00 UTC,0.39769988295598524,43604460.74662122,690602.9291760937
2024-02-05 00:00:00 UTC,0.39896496256601327,43783607.27921874,710027.0392397741
2024-02-06 00:00:00 UTC,0.3828176648084078,41910235.335778445,642651.6536544436
2024-02-07 00:00:00 UTC,0.366129420510183,40313823.372689605,826518.8734540264
2024-02-08 00:00:00 UTC,0.4022620529330969,44372145.59293032,989901.2325842915
2024-02-09 00:00:00 UTC,0.461679462918943,50969310.51784662,1198678.7028731287
2024-02-10 00:00:00 UTC,0.4564570783989532,50383962.679616615,2631437.2372486372
2024-02-11 00:00:00 UTC,0.4589912813274188,50680593.85784513,5563796.517448352
2024-02-12 00:00:00 UTC,0.46700424883625713,51485649.91586008,2725662.135339321
2024-02-13 00:00:00 UTC,0.48875183219561197,27019150.58426205,3317595.4906299952
2024-02-14 00:00:00 UTC,0.4872948443111099,26936845.450246453,21164473.670336325
2024-02-15 00:00:00 UTC,0.4869493196284864,27557777.46420456,3080306.3480003513
2024-02-16 00:00:00 UTC,0.4620794050666586,26029655.06704482,1013311.167488356
2024-02-17 00:00:00 UTC,0.45174740387699425,25597899.602114975,7903645.706061398
2024-02-18 00:00:00 UTC,0.46132231667888307,26163100.707959417,21603351.86700524
2024-02-19 00:00:00 UTC,0.4863126443479548,27598277.116832815,10676135.587664742
2024-02-20 00:00:00 UTC,0.6617247378702094,37596757.16855198,14052748.009469017
2024-02-21 00:00:00 UTC,0.692522951161996,39412161.48052366,8734718.361777032
2024-02-22 00:00:00 UTC,0.6609840220628532,37595386.93771826,8955578.37234996
2024-02-23 00:00:00 UTC,0.741450846169786,42019965.12754465,13337574.877211915
2024-02-24 00:00:00 UTC,0.7159629448238737,40578509.90968743,20657604.65473705
2024-02-25 00:00:00 UTC,0.7667594693252578,43547189.06954522,3863670.193914975
2024-02-26 00:00:00 UTC,0.7809012054245759,44342733.50677529,3230234.709404474
2024-02-27 00:00:00 UTC,0.8091547782708506,45951869.07110548,5056443.3075013915
2024-02-28 00:00:00 UTC,0.7525933534048939,42735535.126805246,4902036.5822380725
2024-02-29 00:00:00 UTC,0.7640501859996334,43366792.54155989,5164871.4529821975
2024-03-01 00:00:00 UTC,0.7095298589257313,40358940.49062207,5841078.201167007
2024-03-02 00:00:00 UTC,0.6616498492900065,38139245.92445772,5194813.81995799
2024-03-03 00:00:00 UTC,0.6573860164595455,37343272.95259289,4436198.715692089
2024-03-04 00:00:00 UTC,0.6835219401718152,38682665.506296895,4022599.007906331
2024-03-05 00:00:00 UTC,0.6956407253796231,39480397.8215738,5129437.236572572
2024-03-06 00:00:00 UTC,0.6471422142390713,36662306.15880072,6223595.285268405
2024-03-07 00:00:00 UTC,0.7101644745125378,40315066.10161799,6907347.212653085
2024-03-08 00:00:00 UTC,0.7160678853362359,40698389.36426033,5298999.171810705
2024-03-09 00:00:00 UTC,0.7072634254943503,40160046.675188266,4870677.321221899
2024-03-10 00:00:00 UTC,0.6984188770698678,39728052.675557986,2717548.8379278257
2024-03-11 00:00:00 UTC,0.7114570626289828,40292376.203993455,2149456.936681351
2024-03-12 00:00:00 UTC,0.7476712332111042,42388057.67221356,3005005.1336875814
2024-03-13 00:00:00 UTC,0.8910470421413401,50686678.94924643,6218593.152167202
2024-03-14 00:00:00 UTC,0.9734139605455302,55275388.61900291,3999215.526586406
2024-03-15 00:00:00 UTC,0.9210062037166463,52330821.519055486,3646260.418974034
2024-03-16 00:00:00 UTC,0.8680911220117128,49406065.96596277,4083872.963927718
2024-03-17 00:00:00 UTC,0.7888715703706937,44877347.984935984,2880661.879532863
2024-03-18 00:00:00 UTC,0.8768912882765895,49811017.76493573,3171353.306682781
2024-03-19 00:00:00 UTC,0.8258799561023916,46887585.48859214,2541342.342341169
2024-03-20 00:00:00 UTC,0.7629322484509885,43412662.25092243,3904236.4809532203
2024-03-21 00:00:00 UTC,0.7752320396132748,44071415.07196097,6085449.56850125
2024-03-22 00:00:00 UTC,0.756729803663294,43063058.14620118,5017495.549626991
2024-03-23 00:00:00 UTC,0.7185220736210739,40765418.98284255,4256616.224826257
2024-03-24 00:00:00 UTC,0.6914704145178956,39269076.922896095,4250715.850712037
2024-03-25 00:00:00 UTC,0.7179019614092181,40880733.47403618,3347811.451327805
2024-03-26 00:00:00 UTC,0.826345644009465,46953287.284342326,4473065.419743476
2024-03-27 00:00:00 UTC,0.7618364698899524,43192478.25750465,4694668.996964191
2024-03-28 00:00:00 UTC,0.784912526439441,44500803.30003399,4032813.687592547
2024-03-29 00:00:00 UTC,1.0017503440523419,57162254.08699696,6599659.484662274
2024-03-30 00:00:00 UTC,1.5368593540008704,87076575.8254941,21456687.700330872
2024-03-31 00:00:00 UTC,1.4010409549120948,79695431.59581472,8542249.776354022
2024-04-01 00:00:00 UTC,1.3105915795522862,74456138.9343486,4935585.053519803
2024-04-02 00:00:00 UTC,1.499684209968946,84801206.44729497,5109733.2950446475
2024-04-03 00:00:00 UTC,1.4155535441886633,80537584.7973416,6713801.150920632
2024-04-04 00:00:00 UTC,1.445479411012477,82031834.51450369,9902633.496485002
2024-04-05 00:00:00 UTC,1.5221163739853842,86419046.33418228,5914510.896178247
2024-04-06 00:00:00 UTC,1.3869749879023854,78817013.71891853,5608892.482691494
2024-04-07 00:00:00 UTC,1.32254085207747,75271340.39400426,4105648.641249052
2024-04-08 00:00:00 UTC,1.407263118251128,79988307.16701044,6008038.253125441
2024-04-09 00:00:00 UTC,1.4545163164617332,82661732.77698061,5818434.108470163
2024-04-10 00:00:00 UTC,1.3872535158363368,78896217.20312932,5507460.470618231
2024-04-11 00:00:00 UTC,1.3073985880292285,74336426.21986182,4883967.731118314
2024-04-12 00:00:00 UTC,1.2783395817931527,72671120.31993806,4168872.6690061884
2024-04-13 00:00:00 UTC,1.1803329033966923,67218818.11223103,6238580.990376543
2024-04-14 00:00:00 UTC,0.9724883325311006,55221795.61986897,6676761.819820359
2024-04-15 00:00:00 UTC,1.1954659419790528,67958483.0796651,7085224.950959819
2024-04-16 00:00:00 UTC,1.0778587623774563,61245853.296247706,5891629.823014383
2024-04-17 00:00:00 UTC,1.090255418055492,62038326.12667846,4145508.694866995
2024-04-18 00:00:00 UTC,1.0276773247521294,58414383.54230647,4622016.201695555
2024-04-19 00:00:00 UTC,1.0455015599451518,59452307.35503779,4756478.583132157
2024-04-20 00:00:00 UTC,1.1117755574501136,63215446.035674766,5167082.545742012
2024-04-21 00:00:00 UTC,1.3135103579275882,73460000.59637573,7065706.460992179
2024-04-22 00:00:00 UTC,1.323261685243363,75150935.7296432,6204053.364985989
2024-04-23 00:00:00 UTC,1.3521926137334648,77077132.00569656,5196673.283263102
2024-04-24 00:00:00 UTC,1.2964593088254364,73598026.59390293,4632550.5118974885
2024-04-25 00:00:00 UTC,1.1921496689220026,67832507.1900942,4956478.522925519
2024-04-26 00:00:00 UTC,1.1752840817826524,66774910.78906637,3666427.504471308
2024-04-27 00:00:00 UTC,1.0924279111466126,62039173.94308315,2963586.532022191
2024-04-28 00:00:00 UTC,1.1316041788758386,64424705.8357079,1883038.4288216522
2024-04-29 00:00:00 UTC,1.1664065889123056,66634725.42445112,2954475.6434592223
2024-04-30 00:00:00 UTC,1.1170267256622641,63534939.81933414,2118434.333482727
2024-05-01 00:00:00 UTC,1.0484638655459155,59679612.91495391,2682670.5490438566
2024-05-02 00:00:00 UTC,0.9831992540943305,55854660.066934675,3155638.603977499
2024-05-03 00:00:00 UTC,0.9553350976143061,54324391.95562997,2324139.2654283587
2024-05-04 00:00:00 UTC,0.983390868649681,55988591.83932685,2593183.6924879183
2024-05-05 00:00:00 UTC,0.9750882764055243,55585859.528064676,1780781.0320148421
2024-05-06 00:00:00 UTC,0.9823726628916483,55814108.503476724,2426199.7590198466
2024-05-07 00:00:00 UTC,0.9655364337831814,54924323.233037286,3550805.562863474
2024-05-08 00:00:00 UTC,0.9783046317458411,55554849.20511497,3319809.954145683
2024-05-09 00:00:00 UTC,0.9163944497914538,52065839.29562612,3245598.7018818916
2024-05-10 00:00:00 UTC,0.9239021781836533,52440822.5799451,3180911.1602754383
2024-05-11 00:00:00 UTC,0.8528529532288963,48418159.13718799,3314079.5079939566
2024-05-12 00:00:00 UTC,0.8493067454285081,48297257.723542616,2594499.3609598842
2024-05-13 00:00:00 UTC,0.750416997376328,42687576.76944739,3378103.323554882
2024-05-14 00:00:00 UTC,0.7710223105312555,43797315.46510678,3600822.0562750944
2024-05-15 00:00:00 UTC,0.7330100789589271,41659774.77606878,3084551.7775656506
2024-05-16 00:00:00 UTC,0.7561862004208695,235503850.65109247,3430013.6386701404
2024-05-17 00:00:00 UTC,0.7470105310865346,232353766.78045177,2530291.5047505368
2024-05-18 00:00:00 UTC,0.7666256780489015,219850840.24137482,3411116.0175303733
2024-05-19 00:00:00 UTC,0.7569905048091435,216879618.11578742,2653726.97671832
2024-05-20 00:00:00 UTC,0.7546138327797185,216228636.2836916,2296724.5506998827
2024-05-21 00:00:00 UTC,0.7951409792856527,227771359.1506657,3064388.6925628306
2024-05-22 00:00:00 UTC,0.7835656117076465,224800646.95777494,3701370.863399373
2024-05-23 00:00:00 UTC,0.7493155172790865,215037160.60245118,3090861.836799758
2024-05-24 00:00:00 UTC,0.6979862460944262,200208427.87631255,3425735.6028882232
2024-05-25 00:00:00 UTC,0.6572444883280852,189256422.4401314,4494026.687554898
2024-05-26 00:00:00 UTC,0.677944334342966,194562547.3526116,3515769.253617606
2024-05-27 00:00:00 UTC,0.6428454645753834,184289011.1971288,2958080.760228165
2024-05-28 00:00:00 UTC,0.6137542297891286,176188684.02793515,4155941.368649315
2024-05-29 00:00:00 UTC,0.601641015762052,172747026.83208475,4052207.4221549537
2024-05-30 00:00:00 UTC,0.5626350493143882,161072118.71657002,4516130.590916766
2024-05-31 00:00:00 UTC,0.5205260722604315,149477338.29259005,3909448.189373391
2024-06-01 00:00:00 UTC,0.5365004421063372,153967766.95688814,3427577.1371386684
2024-06-02 00:00:00 UTC,0.5218170106510169,149731678.41661093,3006759.3553976757
2024-06-03 00:00:00 UTC,0.44317197950615456,127395158.35444288,3769443.9264036487
2024-06-04 00:00:00 UTC,0.4760745105147998,136504177.21327606,4597048.481300602
2024-06-05 00:00:00 UTC,0.4779417165930378,137187269.0314544,4863521.699945268
2024-06-06 00:00:00 UTC,0.4734561098987494,135855214.70911065,3858987.4897404313
2024-06-07 00:00:00 UTC,0.4583491240134062,131107805.8959158,4845904.712690283
2024-06-08 00:00:00 UTC,0.44777691074768405,128431633.33611791,3042024.8127975785
2024-06-09 00:00:00 UTC,0.39450001627006703,113142603.58103047,4601834.406443355
2024-06-10 00:00:00 UTC,0.4314439017549266,123788340.82503328,3579701.2247601105
2024-06-11 00:00:00 UTC,0.3852927701239402,110558730.41751671,3281705.786482287
2024-06-12 00:00:00 UTC,0.3801574773187806,109196289.40064532,4325722.505941167
2024-06-13 00:00:00 UTC,0.42143412876892833,121056015.43675277,4665596.418631847
2024-06-14 00:00:00 UTC,0.3978966215906983,114312887.41691741,3481764.415993638
2024-06-15 00:00:00 UTC,0.3817012248247686,110023881.016296,4795077.208073417
2024-06-16 00:00:00 UTC,0.38091993555385545,109544303.78660627,5129833.130823397
2024-06-17 00:00:00 UTC,0.3796393497327223,109184657.08354399,3797608.5720616626
2024-06-18 00:00:00 UTC,0.35357180672772676,101750190.01009184,5507514.261903658
2024-06-19 00:00:00 UTC,0.3236121085076407,93018846.14715777,5282526.376031959
2024-06-20 00:00:00 UTC,0.30068115235850695,87061574.53245509,5797066.667921198
2024-06-21 00:00:00 UTC,0.42975662888353827,124411409.18707791,8218069.018491042
2024-06-22 00:00:00 UTC,0.35937746956876543,104029568.9577344,5869045.9955297485
2024-06-23 00:00:00 UTC,0.33677156196909175,97599315.88846888,6044196.72393746
2024-06-24 00:00:00 UTC,0.4118665592214134,119076725.19120523,7618295.9202309465
2024-06-25 00:00:00 UTC,0.42243440467509824,122342217.60430357,11402696.307836313
2024-06-26 00:00:00 UTC,0.4255867021408246,123622217.35453953,7388093.607659315
2024-06-27 00:00:00 UTC,0.40290580748781635,116649521.07608646,5206398.676406073
2024-06-28 00:00:00 UTC,0.3784300947622231,109590453.19948335,4684896.345246867
2024-06-29 00:00:00 UTC,0.3684494933364511,106795078.96837944,4940455.354323742
2024-06-30 00:00:00 UTC,0.36530381806562257,105769965.65786982,4977617.851814507
2024-07-01 00:00:00 UTC,0.3520192907599016,101887084.06718457,3428696.723827889
2024-07-02 00:00:00 UTC,0.37006541586367464,107114525.90406075,4793153.086210156
2024-07-03 00:00:00 UTC,0.3479610895237541,100811480.68153271,4391684.227371028
2024-07-04 00:00:00 UTC,0.3531861055463093,102297153.06364621,6959438.598224858
2024-07-05 00:00:00 UTC,0.3491235140144108,101235491.69004568,6769041.722511817
2024-07-06 00:00:00 UTC,0.3327162639570904,96295686.2578689,6838817.512671759
2024-07-07 00:00:00 UTC,0.3428448053328571,99318434.33725199,5693457.653278321
2024-07-08 00:00:00 UTC,0.32695652903998823,94684773.28377211,6121558.138105478
2024-07-09 00:00:00 UTC,0.3114907621086672,90306417.68001574,6018487.931588408
2024-07-10 00:00:00 UTC,0.3124738939982802,90606560.28002784,5832821.740699356
2024-07-11 00:00:00 UTC,0.3068336531907688,88796127.76227221,4868354.87712259
2024-07-12 00:00:00 UTC,0.3050575655556862,88345471.22844726,4293194.685174982
2024-07-13 00:00:00 UTC,0.3012716629758446,87276573.1708262,4056848.3020960605
2024-07-14 00:00:00 UTC,0.3086763268356994,89429280.36199792,5439460.105390957
2024-07-15 00:00:00 UTC,0.3124730983962251,90471131.68772382,3121181.8546334407
2024-07-16 00:00:00 UTC,0.32621032872554756,94535897.04216702,4631991.807234385
2024-07-17 00:00:00 UTC,0.31951015944184047,92576976.41403402,4708493.137169856
2024-07-18 00:00:00 UTC,0.30922845509008146,89618234.50931397,4272461.7843530085
2024-07-19 00:00:00 UTC,0.29574327816424456,85699676.6266516,3299774.7768162317
2024-07-20 00:00:00 UTC,0.2998679604287609,86894354.46627146,5693437.064119889
2024-07-21 00:00:00 UTC,0.2999746198474001,86929490.45023952,6820562.437304766
2024-07-22 00:00:00 UTC,0.30523254216123713,88566281.45009735,7145850.821942456
2024-07-23 00:00:00 UTC,0.2929436217018686,84855235.33112176,6539900.224308755
2024-07-24 00:00:00 UTC,0.28796577900828424,83483380.1292783,6097662.353836623
2024-07-25 00:00:00 UTC,0.27241328056431025,78994926.47684155,6203575.818313491
2024-07-26 00:00:00 UTC,0.2740381122775257,79445691.86648731,5363294.052346376
2024-07-27 00:00:00 UTC,0.2793360364319069,80966893.94245552,6243444.694175434
2024-07-28 00:00:00 UTC,0.277045650796447,80314195.34416614,5794936.5987638505
2024-07-29 00:00:00 UTC,0.27297358309346825,79121289.52630575,6277384.527368197
2024-07-30 00:00:00 UTC,0.26621246292598316,77168440.87835379,6507121.990732595
2024-07-31 00:00:00 UTC,0.256249165308668,74280326.11962065,6849192.798199945
2024-08-01 00:00:00 UTC,0.23934852142846097,69452802.08683978,7444459.545315218
2024-08-02 00:00:00 UTC,0.2167822958954095,62844199.556805,5462511.123188371
2024-08-03 00:00:00 UTC,0.21221256044113634,61543850.91637637,4468969.425725261
2024-08-04 00:00:00 UTC,0.2019937485788134,58539452.57007362,3489281.198616252
2024-08-05 00:00:00 UTC,0.1713526464513829,49597755.74741271,4198295.398628163
2024-08-06 00:00:00 UTC,0.16375023351729837,47389925.045701034,5126993.897369202
2024-08-07 00:00:00 UTC,0.2248768467755691,65202918.16369032,6794469.988861542
2024-08-08 00:00:00 UTC,0.2318325272926298,67188648.1781146,8883332.675471341
2024-08-09 00:00:00 UTC,0.24209359374641187,70123119.38561459,5597279.032181322
2024-08-10 00:00:00 UTC,0.2288102658163722,66190623.06552833,4400533.724490902
2024-08-11 00:00:00 UTC,0.22923254392424258,66450304.340670615,3074840.707425683
2024-08-12 00:00:00 UTC,0.22046649844238633,63880915.77415231,3754114.877319815
2024-08-13 00:00:00 UTC,0.2127667474740195,61686955.980546944,4935536.585385061
2024-08-14 00:00:00 UTC,0.20889066521717692,60577843.60769528,5738225.976832951
2024-08-15 00:00:00 UTC,0.20599473870034732,59682762.58133431,4485988.364103848
2024-08-16 00:00:00 UTC,0.1880847500250634,54577936.536305115,4805759.841467368
2024-08-17 00:00:00 UTC,0.185406568622944,53800874.022141874,5050777.226602887
2024-08-18 00:00:00 UTC,0.1881152364643443,54594661.4665279,4115252.778192821
2024-08-19 00:00:00 UTC,0.19070920069667563,55328714.763203636,3621505.4448846607
2024-08-20 00:00:00 UTC,0.1869359862058687,54261249.02996323,3318426.8552042954
2024-08-21 00:00:00 UTC,0.18963490459127794,55014379.566109404,5990977.80712479
2024-08-22 00:00:00 UTC,0.19353962729915775,56116202.77594932,4927182.748113718
2024-08-23 00:00:00 UTC,0.18898726180997055,54834281.7193059,5560076.782551839
2024-08-24 00:00:00 UTC,0.20364571938815992,59083889.37892832,4540568.0667415485
2024-08-25 00:00:00 UTC,0.24090439722330703,69898896.99781482,4359069.2417325005
2024-08-26 00:00:00 UTC,0.21529672537267242,62462068.23834707,4947042.8004465625
2024-08-27 00:00:00 UTC,0.23771427084806823,69095026.34490903,7569433.2169470815
2024-08-28 00:00:00 UTC,0.20773053940505684,60307357.27910229,5792686.004475928
2024-08-29 00:00:00 UTC,0.20641392444003828,59829478.260060325,5679376.294723622
2024-08-30 00:00:00 UTC,0.21368373056669676,62066591.96518066,6614217.162076442
2024-08-31 00:00:00 UTC,0.20919823764921047,60747772.072019935,4467879.785669998
2024-09-01 00:00:00 UTC,0.20367774177260087,59091158.87949985,3453112.817093906
2024-09-02 00:00:00 UTC,0.20183535976223924,58580744.68735111,4290569.980096509
2024-09-03 00:00:00 UTC,0.20658228370791074,59799250.32328377,4655550.818777595
2024-09-04 00:00:00 UTC,0.2009861425288086,58307090.62821053,5417340.561766543
2024-09-05 00:00:00 UTC,0.20194642134511948,58626763.60972279,5140656.508539418
2024-09-06 00:00:00 UTC,0.1983227185089264,57545435.64212872,2969940.45570122
2024-09-07 00:00:00 UTC,0.1883598732097142,54566936.69309075,3390252.458385902
2024-09-08 00:00:00 UTC,0.19725940271131426,57258549.19925226,4040822.66633937
2024-09-09 00:00:00 UTC,0.19276870052371387,55908514.80552186,2948007.439859638
2024-09-10 00:00:00 UTC,0.19844742259540202,57550922.72246025,4099937.648280517
2024-09-11 00:00:00 UTC,0.19370485047332114,56169200.1789936,3809687.800159985
2024-09-12 00:00:00 UTC,0.20070259072730787,58228005.53943484,3428481.9741761293
2024-09-13 00:00:00 UTC,0.19414511025063946,56325543.751888864,3710546.604734417
2024-09-14 00:00:00 UTC,0.1993099711662752,57904879.94475408,3602193.22636704
2024-09-15 00:00:00 UTC,0.19838204908579085,57554800.0759431,2614391.4003508436
2024-09-16 00:00:00 UTC,0.20131564600611698,58459156.01161249,3686361.881404023
2024-09-17 00:00:00 UTC,0.19853682578669726,57529062.85642509,4474963.001617728
2024-09-18 00:00:00 UTC,0.1954203853723852,56675971.73373537,4506226.998911201
2024-09-19 00:00:00 UTC,0.18873600166944451,54756250.47824539,2946530.4699991294
2024-09-20 00:00:00 UTC,0.18950314072850416,56099535.41184826,6057058.21549459
2024-09-21 00:00:00 UTC,0.18662690135972082,55196866.78681605,4343563.859472234
2024-09-22 00:00:00 UTC,0.18436010202731037,54566073.85178335,4660393.537308026
2024-09-23 00:00:00 UTC,0.18147526059576513,53714951.87373485,3874848.162776975
2024-09-24 00:00:00 UTC,0.18403946292398984,54485360.81274617,3954288.364872522
2024-09-25 00:00:00 UTC,0.18883971342293077,56352254.17277694,4683653.123299324
2024-09-26 00:00:00 UTC,0.18000644846433092,53748412.886807375,5116824.504403721
2024-09-27 00:00:00 UTC,0.17681642645474788,52785673.49309046,3968160.7134882607
2024-09-28 00:00:00 UTC,0.1798716750543285,53688544.661774285,4342544.052713197
2024-09-29 00:00:00 UTC,0.17729409534937238,52782060.59234598,3429561.40985918
2024-09-30 00:00:00 UTC,0.17244891286252345,51500271.160253145,3744033.5384984263
2024-10-01 00:00:00 UTC,0.17352645321656765,51804466.25140287,4046777.9641208006
2024-10-02 00:00:00 UTC,0.15741611302883363,47062536.1160966,4490675.702577396
2024-10-03 00:00:00 UTC,0.15033884792980998,44888772.37185657,3392159.7891701083
2024-10-04 00:00:00 UTC,0.14709371517729553,43904897.72432067,3653134.6854331857
2024-10-05 00:00:00 UTC,0.15001418953119697,44776608.16864521,2869770.935888252
2024-10-06 00:00:00 UTC,0.1499998638037873,44774848.62145055,2847898.182460913
2024-10-07 00:00:00 UTC,0.15742969354698672,46983494.94698297,2623914.31620211
2024-10-08 00:00:00 UTC,0.15074409740203595,44994472.88420247,3252267.9146854966
2024-10-09 00:00:00 UTC,0.15313100524616255,45611817.95078305,2914472.1602267288
2024-10-10 00:00:00 UTC,0.14740890331010884,44093028.626002885,3895927.0844944837
2024-10-11 00:00:00 UTC,0.15093124239191993,45166984.18791826,5333621.232759894
2024-10-12 00:00:00 UTC,0.1519067130847523,45455425.00878089,3234925.16334732
2024-10-13 00:00:00 UTC,0.1500873844711163,44945948.08674466,2987690.86117913
2024-10-14 00:00:00 UTC,0.19427630712396426,58259462.96933253,4929402.3065819
2024-10-15 00:00:00 UTC,0.18001713786601958,53792951.50195487,5136297.497728912
2024-10-16 00:00:00 UTC,0.17244956696757335,51652804.76231057,3634347.150327177
2024-10-17 00:00:00 UTC,0.16762380097650856,50214237.60477259,3843881.6038586255
2024-10-18 00:00:00 UTC,0.15901608062987438,47582257.21392307,3359206.591478004
2024-10-19 00:00:00 UTC,0.1628779836388215,48780971.18254719,2215994.1103308536
2024-10-20 00:00:00 UTC,0.1619177155875363,48490200.97968838,1314192.013139639
2024-10-21 00:00:00 UTC,0.15994226176343032,47865207.13499403,1675995.9133596472
2024-10-22 00:00:00 UTC,0.15780107174345556,47201707.7072706,1825456.4738090748
2024-10-23 00:00:00 UTC,0.15363707856220346,46029681.10378277,1717552.8822742254
2024-10-24 00:00:00 UTC,0.15305321356175847,45687114.1486352,2292983.818760549
2024-10-25 00:00:00 UTC,0.14805960755535347,44327553.55990263,2819909.220664188
2024-10-26 00:00:00 UTC,0.14564837215623072,43580981.991427824,2321243.6361408546
2024-10-27 00:00:00 UTC,0.14278590786239456,42750419.93872456,1426947.005109614
2024-10-28 00:00:00 UTC,0.1393437975498684,41719923.30397773,2242599.1502357125
2024-10-29 00:00:00 UTC,0.13375108282309153,40012540.337963976,2011394.0252610655
2024-10-30 00:00:00 UTC,0.1348775828985457,40366841.17082517,2093237.7114907391
2024-10-31 00:00:00 UTC,0.12552592851341776,37632252.44287356,3050868.248728754
2024-11-01 00:00:00 UTC,0.117728152889291,35260693.102493286,3752342.861401518
2024-11-02 00:00:00 UTC,0.12151059753281618,36375146.69884731,2200523.852547991
2024-11-03 00:00:00 UTC,0.11841504223003929,35467530.589834616,1123728.5644532254
2024-11-04 00:00:00 UTC,0.11029679031040325,33021379.230274223,2148890.235522891
2024-11-05 00:00:00 UTC,0.10256562000293518,30867960.11670467,1149077.184740105
2024-11-06 00:00:00 UTC,0.1234254602150066,37150120.094744496,3301675.770289655
2024-11-07 00:00:00 UTC,0.12689849487616262,38047079.73521028,3451126.586021094
2024-11-08 00:00:00 UTC,0.12438059932390318,37425398.7714334,2894233.792378278
2024-11-09 00:00:00 UTC,0.12295879600303843,37054470.41608717,2420257.7930254904
2024-11-10 00:00:00 UTC,0.12766648316729345,38422144.19832152,2975279.3058554926
2024-11-11 00:00:00 UTC,0.14040075432856894,42250020.14495099,4761930.934158536
2024-11-12 00:00:00 UTC,0.1367167694756004,41207916.75770797,4078770.3661472443
2024-11-13 00:00:00 UTC,0.13162085626004955,39629262.20071163,4209114.179545112
2024-11-14 00:00:00 UTC,0.12370424021192304,37282248.96869662,3583826.6578199114
2024-11-15 00:00:00 UTC,0.11938028382011925,35870181.16868745,4112085.0617786627
2024-11-16 00:00:00 UTC,0.12433613807750367,37194846.294139236,2261662.735695995
2024-11-17 00:00:00 UTC,0.13453906758793518,40489264.95908814,3161273.9570534276
2024-11-18 00:00:00 UTC,0.2094562940302004,65428058.51486283,17171024.73010564
2024-11-19 00:00:00 UTC,0.20598807764610785,61810167.89466765,37209208.302105635
2024-11-20 00:00:00 UTC,0.21178799836403453,64827719.16318037,11390080.763779419
2024-11-21 00:00:00 UTC,0.18465082302711708,56799416.76675392,7524776.639502441
2024-11-22 00:00:00 UTC,0.17698403320859965,54277986.8533842,5789794.611767902
2024-11-23 00:00:00 UTC,0.1886759332119081,58110315.50711129,8251955.523599712
2024-11-24 00:00:00 UTC,0.1986245418032834,61419100.08021228,7878912.674084194
2024-11-25 00:00:00 UTC,0.19827758826284603,61134101.650262624,8170111.018642546
2024-11-26 00:00:00 UTC,0.18942389573156312,58404772.34716237,4468842.235097772
2024-11-27 00:00:00 UTC,0.1896337581988668,58532265.9479877,5418701.599157177
2024-11-28 00:00:00 UTC,0.1994671336479938,61582348.39159607,4941718.171210836
2024-11-29 00:00:00 UTC,0.20409587176894534,63018312.69333222,4002891.195672575
2024-11-30 00:00:00 UTC,0.21634834724182778,66758276.473415025,4459901.777704353
2024-12-01 00:00:00 UTC,0.24890123526538144,76490338.02354224,7022706.974998898
2024-12-02 00:00:00 UTC,0.3849381348395587,117975166.30576229,52017588.24516942
2024-12-03 00:00:00 UTC,0.34960751276766105,107926818.19858786,39997798.90415287
2024-12-04 00:00:00 UTC,0.34034737671712106,105904348.98986316,16566322.04716127
2024-12-05 00:00:00 UTC,0.3713642598823023,114628753.79923211,11681334.102245022
2024-12-06 00:00:00 UTC,0.3923784276152046,121067647.88020928,12508547.159723632
2024-12-07 00:00:00 UTC,0.39424698003460973,121707068.6134912,8029346.556493832
2024-12-08 00:00:00 UTC,0.38950819890386257,120257624.71891527,5224271.139898896
2024-12-09 00:00:00 UTC,0.37810886081378103,116609690.55691384,4941596.915408997
2024-12-10 00:00:00 UTC,0.3359210234956743,103778040.53608887,8260896.906029136
2024-12-11 00:00:00 UTC,0.32305004103029866,99895558.69846204,8539066.70942625
2024-12-12 00:00:00 UTC,0.33458347126273713,103476742.22645243,5499789.900611785
2024-12-13 00:00:00 UTC,0.3243905234966957,100394596.18778653,5904147.044699581
2024-12-14 00:00:00 UTC,0.3167353491242223,97944880.33877261,4910955.016230066
2024-12-15 00:00:00 UTC,0.3034184012227364,93816316.68356058,2408615.500338276
2024-12-16 00:00:00 UTC,0.33394457437733793,102901547.8464226,4696949.974777683
2024-12-17 00:00:00 UTC,0.3410235245785406,105417000.35643847,3204897.0561770294
2024-12-18 00:00:00 UTC,0.3191480551448641,98770502.9402109,3065403.822374957
2024-12-19 00:00:00 UTC,0.34689514260292853,107701178.31474352,13543802.41283298
2024-12-20 00:00:00 UTC,0.2890804004746052,89385744.66246742,14313034.006594878
2024-12-21 00:00:00 UTC,0.3001432228387495,93363130.23128715,12164692.426350145
2024-12-22 00:00:00 UTC,0.29963845884645995,92680862.31109656,5109316.175041549
2024-12-23 00:00:00 UTC,0.2824480601445644,87480805.4600147,2963311.3790692943
2024-12-24 00:00:00 UTC,0.2856902815070787,88443340.54236612,3163840.388552918
2024-12-25 00:00:00 UTC,0.30069119721327103,92994456.74281058,3194542.4298860678
2024-12-26 00:00:00 UTC,0.300521203954995,93036204.19368455,2508133.430745639
2024-12-27 00:00:00 UTC,0.2712402077567222,83847679.25335698,2960153.7909804024
2024-12-28 00:00:00 UTC,0.2600819724041457,80552258.27832647,2727284.0055361325
2024-12-29 00:00:00 UTC,0.2679487979282123,82940248.20296875,2121324.366099835
2024-12-30 00:00:00 UTC,0.2558021935691912,79145269.92696814,2034176.0116163893
2024-12-31 00:00:00 UTC,0.24574213505009224,76004163.95241791,2316625.723236877
2025-01-01 00:00:00 UTC,0.23595613729262524,73071000.17678905,2015237.5102601564
2025-01-02 00:00:00 UTC,0.24522543489559254,75825665.78532691,2400810.5720650363
2025-01-03 00:00:00 UTC,0.24845399789648132,76893653.44796026,2576538.72596873
2025-01-04 00:00:00 UTC,0.2640578026189382,81725281.36362709,2070330.238762611
2025-01-05 00:00:00 UTC,0.2630473821110305,81423958.05788444,1918552.7269247025
2025-01-06 00:00:00 UTC,0.25957845183239614,80387279.09352164,1733528.823450787
2025-01-07 00:00:00 UTC,0.25838920530355497,79955879.47225064,2175677.893577172
2025-01-08 00:00:00 UTC,0.24298740646004793,75146104.4694186,2592714.6365495366
2025-01-09 00:00:00 UTC,0.23220705814842246,74107144.92650089,1411170.6304644747
2025-01-10 00:00:00 UTC,0.23721212881925302,75780569.63328944,1337570.0453809192
2025-01-11 00:00:00 UTC,0.24904815901762464,79558923.66402571,1924666.6540290795
2025-01-12 00:00:00 UTC,0.2504324411012096,80008716.675862,1890249.8894549124
2025-01-13 00:00:00 UTC,0.24841455301294513,79273948.71308935,1207295.5020416714
2025-01-14 00:00:00 UTC,0.23449187333147067,74883322.32138132,1616439.486812376
2025-01-15 00:00:00 UTC,0.24067916910575032,76900941.98352847,1154406.6185784182
2025-01-16 00:00:00 UTC,0.24801330060493312,79188160.86381698,2525633.724561212
2025-01-17 00:00:00 UTC,0.23626266377583854,75462892.08609717,2358212.7346479157
2025-01-18 00:00:00 UTC,0.24094184969713822,76934550.26576898,1703232.6950306061
2025-01-19 00:00:00 UTC,0.22030884866608166,70384526.39162922,2222404.9037340404
2025-01-20 00:00:00 UTC,0.20339266395877575,65043041.399086,3174531.3629012075
2025-01-21 00:00:00 UTC,0.19197330996618528,61320008.08963076,2971718.985723981
2025-01-22 00:00:00 UTC,0.2082507829281648,66443044.37489852,2114419.9364783084
2025-01-23 00:00:00 UTC,0.19408277057377626,62061672.23272187,1972726.3167812643
2025-01-24 00:00:00 UTC,0.1814706748581872,58028164.98883655,2317690.880893894
2025-01-25 00:00:00 UTC,0.19596632861694196,62762420.174210586,3053736.9092806126
2025-01-26 00:00:00 UTC,0.18778885434736534,60089752.822918825,1602331.0123125066
2025-01-27 00:00:00 UTC,0.18779026242220984,60020972.64352573,2716259.567519181
2025-01-28 00:00:00 UTC,0.17769124473688894,56812431.141536005,3145264.1513712807
2025-01-29 00:00:00 UTC,0.17209634395124782,55044132.5087693,2525133.8790556965
2025-01-30 00:00:00 UTC,0.18389494143482363,58665558.68893412,2108137.2445093077
2025-01-31 00:00:00 UTC,0.1764243887361009,56418033.77974443,1837986.032724019
2025-02-01 00:00:00 UTC,0.17326157977114973,55357215.82917743,1330517.1143031418
2025-02-02 00:00:00 UTC,0.17464290971644092,55968278.298542656,3473155.403044017
2025-02-03 00:00:00 UTC,0.14907046310955036,47677699.22397843,2653054.9455828043
2025-02-04 00:00:00 UTC,0.15292130649867938,48938658.26143008,4138930.163182904
2025-02-05 00:00:00 UTC,0.14819520735263533,47379651.46694185,1776998.1827391712
2025-02-06 00:00:00 UTC,0.14025339664441075,44806855.809516795,1431943.1064346803
2025-02-07 00:00:00 UTC,0.13747087543768327,43954278.83994289,1765940.6460692796
2025-02-08 00:00:00 UTC,0.13587111385614223,43437800.10083745,2642471.8678453593
2025-02-09 00:00:00 UTC,0.13421404966365277,42920369.758561686,1040615.6850050266
2025-02-10 00:00:00 UTC,0.12898688709275333,41243411.79755971,1013334.988175659
2025-02-11 00:00:00 UTC,0.13355710100877302,42780763.16184604,1837772.376724467
2025-02-12 00:00:00 UTC,0.13454236501763345,43126581.46543697,2307697.586332975
2025-02-13 00:00:00 UTC,0.14027405609271565,44859918.47078723,2318876.639998009
2025-02-14 00:00:00 UTC,0.13622289234818627,43546092.549304955,1536462.9974385207
2025-02-15 00:00:00 UTC,0.13900819616199692,44414014.618600205,1621840.288988137
2025-02-16 00:00:00 UTC,0.140776437739714,45015072.62016284,4172936.9664961775
2025-02-17 00:00:00 UTC,0.13790955079316713,44094389.77458588,2661218.1186331385
2025-02-18 00:00:00 UTC,0.13898656775807855,44389119.954126425,1713171.058337859
2025-02-19 00:00:00 UTC,0.13754451874710896,43944546.95231512,2524694.2312408416
2025-02-20 00:00:00 UTC,0.13355687701785582,42698788.059730634,1851740.1850625582
2025-02-21 00:00:00 UTC,0.13146828117558673,42036868.08334098,1553090.6270217465
2025-02-22 00:00:00 UTC,0.12790984350026235,40904509.913647205,2351781.053184841
2025-02-23 00:00:00 UTC,0.13021885131948072,41487689.806575485,3142771.5759779797
2025-02-24 00:00:00 UTC,0.1304884289598581,41729182.47616171,12225349.000146873
2025-02-25 00:00:00 UTC,0.11268482630249002,35984835.86802376,4524695.369980027
2025-02-26 00:00:00 UTC,0.1127496319553519,36055772.23652804,2081121.8774184666
2025-02-27 00:00:00 UTC,0.10898905141530865,34831895.57030862,3388279.0730912066
2025-02-28 00:00:00 UTC,0.11271246095751006,36050971.792181425,1346447.414902152
2025-03-01 00:00:00 UTC,0.11064038974031865,35364654.83593675,2977687.7013086155
2025-03-02 00:00:00 UTC,0.11449339736922994,36620949.98898748,1066339.935768734
2025-03-03 00:00:00 UTC,0.12184947904801292,38953666.75068271,2310578.423190284
2025-03-04 00:00:00 UTC,0.11095452631065633,35475717.66227388,3140365.9259908893
2025-03-05 00:00:00 UTC,0.10821536545039911,34590200.07215694,2433385.525416367
2025-03-06 00:00:00 UTC,0.11378478079720034,36382584.281873144,3198497.1651318143
2025-03-07 00:00:00 UTC,0.11408210246500655,36465229.361022614,2644899.0787497964
2025-03-08 00:00:00 UTC,0.10940996642631062,34986114.45247061,2535069.0963773374
2025-03-09 00:00:00 UTC,0.10051507735253438,32148495.585123494,1347943.9282618607
2025-03-10 00:00:00 UTC,0.09515046514086162,30431329.860202465,1732334.2174455433
2025-03-11 00:00:00 UTC,0.0882091286380691,28138742.924176145,2532059.0325844446
2025-03-12 00:00:00 UTC,0.08820727969351959,28244897.2744093,3056005.696771864
2025-03-13 00:00:00 UTC,0.08384005617005005,26789366.024787955,2667967.643047885
2025-03-14 00:00:00 UTC,0.079965852533255,25569193.93540467,3659825.5747624063
2025-03-15 00:00:00 UTC,0.08748910572144539,27976478.17668973,2233391.180257274
2025-03-16 00:00:00 UTC,0.08792472894107263,28113821.472154267,1056773.8453473314
2025-03-17 00:00:00 UTC,0.12385600318879623,38818162.98829524,5836997.644225452
2025-03-18 00:00:00 UTC,0.11162609178910474,36259458.155374184,10450364.59440691
2025-03-19 00:00:00 UTC,0.09760544194564776,31718314.64615765,3318416.9594110157
2025-03-20 00:00:00 UTC,0.10493264435203521,34110736.05755722,4470195.840069884
2025-03-21 00:00:00 UTC,0.09392897399808985,30590160.70503177,4340713.394735786
2025-03-22 00:00:00 UTC,0.08671024969787773,28175228.886385284,1506792.3727624961
2025-03-23 00:00:00 UTC,0.08863552493249381,28830880.918584943,1145976.8530921803
2025-03-24 00:00:00 UTC,0.08439803966450281,27224636.736843687,4908473.909117718
2025-03-25 00:00:00 UTC,0.08792334272715868,28522303.642279305,3565203.489999642
2025-03-26 00:00:00 UTC,0.0988630590365809,32102473.015711106,4496426.38359971
2025-03-27 00:00:00 UTC,0.09490425651508698,30838500.095532857,2006666.2595485325
2025-03-28 00:00:00 UTC,0.09710882352469022,31562967.916737754,3609262.432763081
2025-03-29 00:00:00 UTC,0.09030223891017751,29340695.31037592,3894974.0022969847
2025-03-30 00:00:00 UTC,0.08761670210522476,28487224.860836715,1314814.9468866775
2025-03-31 00:00:00 UTC,0.08670748806183029,28173072.237336345,1097380.0189009814
2025-04-01 00:00:00 UTC,0.08588706560937198,27878903.339256894,1773939.9041726277
2025-04-02 00:00:00 UTC,0.08601160356910284,27978261.86380013,2072896.3321239485
2025-04-03 00:00:00 UTC,0.0788091100330442,25709214.574155018,2569046.1298404294
2025-04-04 00:00:00 UTC,0.07446022014811406,24330624.765762612,2659940.5954489065
2025-04-05 00:00:00 UTC,0.07962077720930068,26350424.03063213,3276764.5786962654
2025-04-06 00:00:00 UTC,0.08174914058797,26679845.511384603,1457031.2744071665
2025-04-07 00:00:00 UTC,0.07148774122390202,23322599.389561243,2106665.483402057
2025-04-08 00:00:00 UTC,0.08683890825438427,27174211.219688527,9401942.701193353
2025-04-09 00:00:00 UTC,0.08954570539677059,29105206.053510845,13580638.609589657
2025-04-10 00:00:00 UTC,0.08927143372017887,29149852.90886167,13626995.978044216
2025-04-11 00:00:00 UTC,0.08214478682634616,26805522.03694481,4789451.22902548
2025-04-12 00:00:00 UTC,0.08629124826834983,28191913.104276486,3874311.659147133
2025-04-13 00:00:00 UTC,0.08950235292776998,29229083.85574867,1716782.485638811
2025-04-14 00:00:00 UTC,0.08358507054463689,27296518.86489652,2213175.186878045
2025-04-15 00:00:00 UTC,0.08660658577165867,28283451.68740293,2850910.2262097537
2025-04-16 00:00:00 UTC,0.08383091651819403,27377438.030245192,5558905.891687264
2025-04-17 00:00:00 UTC,0.08284447741866971,27086499.820205726,6054127.96070173
2025-04-18 00:00:00 UTC,0.07979480322058903,26152165.47098673,1819979.7751165084
2025-04-19 00:00:00 UTC,0.079197793360273,25960881.65019875,1003159.0510133216
2025-04-20 00:00:00 UTC,0.07930096585332756,25991462.91180701,770241.0428794478
2025-04-21 00:00:00 UTC,0.08296062506619452,27205962.067892946,1320006.8402462222
2025-04-22 00:00:00 UTC,0.08409710165318734,27575645.674504045,2357089.5529183764
2025-04-23 00:00:00 UTC,0.08810854437362793,28882270.405077722,2210764.315772699
2025-04-24 00:00:00 UTC,0.08974253043976398,29414602.520376254,1660739.8482405748
2025-04-25 00:00:00 UTC,0.09032052042130494,29611806.144693073,992059.2945443518
2025-04-26 00:00:00 UTC,0.09555616659865787,31314268.985212922,2009974.617921593
2025-04-27 00:00:00 UTC,0.1045713950966706,34258624.13773144,2993925.804171733
2025-04-28 00:00:00 UTC,0.09995015372352128,32929567.023280825,1514393.132798405
2025-04-29 00:00:00 UTC,0.09781985142740149,32059785.90813304,1291905.2896091014
2025-04-30 00:00:00 UTC,0.09808746607932879,32140610.53717395,1179590.635741786
2025-05-01 00:00:00 UTC,0.09698393684093447,31789807.435177483,902018.9523363335
2025-05-02 00:00:00 UTC,0.10000253937313827,32808554.176791243,2241873.4401964573
2025-05-03 00:00:00 UTC,0.10342677401459803,33898710.743131004,1561193.7995559108
2025-05-04 00:00:00 UTC,0.10405079901659209,34086470.41096629,1889532.2780659036
2025-05-05 00:00:00 UTC,0.09953897376350664,32630015.948162585,1150121.702252212
2025-05-06 00:00:00 UTC,0.10027064690508582,32969057.454711948,1508010.5596277462
2025-05-07 00:00:00 UTC,0.10094695572876278,33094437.873884264,1787377.0089816486
2025-05-08 00:00:00 UTC,0.10511038564880781,35221882.834592395,1449721.6073752032
2025-05-09 00:00:00 UTC,0.10916116918699559,36583648.34121812,1908727.072569232
2025-05-10 00:00:00 UTC,0.10946285846550707,36696832.57463734,2825551.281631656
2025-05-11 00:00:00 UTC,0.11648899668359715,39052133.24986644,1997697.5032037336
2025-05-12 00:00:00 UTC,0.112918065186507,37855588.33889348,1880391.7940583192
2025-05-13 00:00:00 UTC,0.10921072962904971,36612232.4272173,3557342.753824074
2025-05-14 00:00:00 UTC,0.1078845270260683,36170612.438072726,2483493.9526868784
2025-05-15 00:00:00 UTC,0.1105359284380054,37095474.89262576,3958303.0804395243
2025-05-16 00:00:00 UTC,0.1064911028476266,35741914.03977109,2385210.73406812
2025-05-17 00:00:00 UTC,0.10045944720444044,33693099.95009437,2153581.708458291
2025-05-18 00:00:00 UTC,0.09707973437018037,32584690.53997974,2146713.1172573767
2025-05-19 00:00:00 UTC,0.09411030443583944,31583563.350219503,3244968.1545318314
2025-05-20 00:00:00 UTC,0.09588829954606352,32183872.80048627,3327061.319262288
2025-05-21 00:00:00 UTC,0.09461788454197581,32044881.60770396,2825612.8706081435
2025-05-22 00:00:00 UTC,0.09624993138541885,32594277.370980274,4905419.612559047
2025-05-23 00:00:00 UTC,0.09595733017981366,32488171.48820727,6165152.994824635
2025-05-24 00:00:00 UTC,0.09438020276407257,31953872.894789092,7062239.505635685
2025-05-25 00:00:00 UTC,0.09003603223653134,30504597.486926142,6447186.012072389
2025-05-26 00:00:00 UTC,0.0905301066971172,30671954.922458902,5826156.858105671
2025-05-27 00:00:00 UTC,0.08915834755772975,30196507.73018636,3616048.1009695893
2025-05-28 00:00:00 UTC,0.08897257194193267,30142858.035929848,2263655.2727292906
2025-05-29 00:00:00 UTC,0.09214427945863718,31304881.691426545,5031748.106544739
2025-05-30 00:00:00 UTC,0.09328544812103232,31648378.011865605,3361575.4412538945
2025-05-31 00:00:00 UTC,0.08687202107519074,29481138.140805952,3422988.9296187954
2025-06-01 00:00:00 UTC,0.0871087275796967,29538300.706267294,1598228.0849582222
2025-06-02 00:00:00 UTC,0.08553788788430014,28996345.15019034,1835484.1831349605
2025-06-03 00:00:00 UTC,0.0858315604621759,29096912.156174373,2817143.832299901
2025-06-04 00:00:00 UTC,0.08753074301349976,29681476.53797988,4783092.695946488
2025-06-05 00:00:00 UTC,0.0857513387688667,29059822.57483346,3080115.8455282687
2025-06-06 00:00:00 UTC,0.08004567635436874,27144124.817649513,3607118.5840371023
2025-06-07 00:00:00 UTC,0.08011612538953283,27166680.66703286,4143478.8322819923
2025-06-08 00:00:00 UTC,0.08098110652079821,27460251.51356199,2290341.679125975
2025-06-09 00:00:00 UTC,0.08049745738538472,27299593.93191523,2196376.3814784107
2025-06-10 00:00:00 UTC,0.08301612423874363,28156824.403986845,3268189.130015247
2025-06-11 00:00:00 UTC,0.0842015268426804,28562331.159578618,4742775.398622479
2025-06-12 00:00:00 UTC,0.081919054781787,27787499.899340186,3125320.2093894663
2025-06-13 00:00:00 UTC,0.0771402440356863,26423283.824323066,2302489.259752413
2025-06-14 00:00:00 UTC,0.07225284723178074,24750887.187523022,2506120.6425771834
2025-06-15 00:00:00 UTC,0.07227056346128483,24802270.30236717,1185467.9848919937
2025-06-16 00:00:00 UTC,0.06990015861900647,23959485.12107263,1452894.9047414104
2025-06-17 00:00:00 UTC,0.07352030939781834,25204515.701674204,3806958.100084897
2025-06-18 00:00:00 UTC,0.06969031523600712,23899391.849521853,2035923.8928136372
2025-06-19 00:00:00 UTC,0.07016978122221947,24211941.4381833,1399519.8893728405
2025-06-20 00:00:00 UTC,0.067139277166532,23167261.783403184,1250004.7567586422
2025-06-21 00:00:00 UTC,0.06434387268297395,22202198.57798976,1696083.3019217136
2025-06-22 00:00:00 UTC,0.06522514911294908,22501470.85709057,2208660.047702531
2025-06-23 00:00:00 UTC,0.059581412844336455,20573619.698544495,3164252.764932528
2025-06-24 00:00:00 UTC,0.06926725621322169,23694789.064855695,2486000.0807822337
2025-06-25 00:00:00 UTC,0.07379361886237473,25499042.218320783,3235915.724885558
2025-06-26 00:00:00 UTC,0.08216633833369667,28394387.901661124,3722334.8690367797
2025-06-27 00:00:00 UTC,0.08458336208437879,29227243.260499697,8171788.034180661
2025-06-28 00:00:00 UTC,0.07874637913616886,27210084.67230613,2901493.316231904
2025-06-29 00:00:00 UTC,0.08374050725262185,28983524.817512985,1182553.9154550664
2025-06-30 00:00:00 UTC,0.08318264225608923,28801240.80316231,1082056.990842368
2025-07-01 00:00:00 UTC,0.08005068773169516,27691677.12647417,1318649.0336838863
2025-07-02 00:00:00 UTC,0.07926109334846657,27423444.98079623,1310561.3205547852
2025-07-03 00:00:00 UTC,0.07984307737321081,27810381.905225042,1934312.3013713057
2025-07-04 00:00:00 UTC,0.07878213388090438,27437664.919216223,1655303.9410858762
2025-07-05 00:00:00 UTC,0.07820662357282705,27243296.606318943,1692831.6526280297
2025-07-06 00:00:00 UTC,0.07946857801357547,27679179.54353463,1003019.3636951325
2025-07-07 00:00:00 UTC,0.0775324934817468,27002762.458246853,1169507.4822030212
2025-07-08 00:00:00 UTC,0.07623181893521201,26549707.017699536,1225717.3046851025
2025-07-09 00:00:00 UTC,0.07831993880328571,27282145.7325447,1431755.2718882535
2025-07-10 00:00:00 UTC,0.08041035793913781,28035399.315915752,1924958.9526211638
2025-07-11 00:00:00 UTC,0.08201292744077027,28541873.09700027,2637231.2665061215
2025-07-12 00:00:00 UTC,0.08115127446231654,28290315.388357386,3222205.836431225
2025-07-13 00:00:00 UTC,0.08253667171288571,28772781.218588986,2036181.672191196
2025-07-14 00:00:00 UTC,0.08711352909827573,30364730.753328327,3303440.3841321818
2025-07-15 00:00:00 UTC,0.08264032310704955,28812120.222128358,3624033.625987924
2025-07-16 00:00:00 UTC,0.08191796636243463,28556223.516388312,2729118.7878823546
2025-07-17 00:00:00 UTC,0.08713703689752053,30392816.928260926,2517223.1244251747
2025-07-18 00:00:00 UTC,0.08502066251724233,29640717.236628316,5448103.848659278
2025-07-19 00:00:00 UTC,0.091236406582693,31863019.401879378,3512770.692600901
2025-07-20 00:00:00 UTC,0.09234286917030993,32347397.758696746,1613518.0346626488
2025-07-21 00:00:00 UTC,0.09795153399717729,34340980.16778096,2854693.759520204
2025-07-22 00:00:00 UTC,0.10530970162334666,36913763.260295756,9260369.909006659
2025-07-23 00:00:00 UTC,0.10440554893232633,36809413.74747852,2294153.971700802
2025-07-24 00:00:00 UTC,0.09613392574746972,33867573.63023605,2249731.341477214
2025-07-25 00:00:00 UTC,0.09499952943261349,33475236.841050357,1922293.825137408
2025-07-26 00:00:00 UTC,0.09806032602088535,34428632.87404089,2612668.6427614586
2025-07-27 00:00:00 UTC,0.09949571301418192,35067945.02316832,1405607.4243654024
2025-07-28 00:00:00 UTC,0.09977537471717544,35024289.58541561,1593119.6844942886
2025-07-29 00:00:00 UTC,0.09790776958197524,34414992.178835385,1684112.6799929815
2025-07-30 00:00:00 UTC,0.09253087903652404,32596922.50431646,1768831.6492304467
2025-07-31 00:00:00 UTC,0.0902503769688069,31864551.28928535,1612428.5519119315
2025-08-01 00:00:00 UTC,0.08842332064224942,31084995.22355797,1915829.2849639812
2025-08-02 00:00:00 UTC,0.08439879837980695,29758883.425480433,2083597.9531228687
2025-08-03 00:00:00 UTC,0.08309381777097981,29326520.3886177,1587641.792109213
2025-08-04 00:00:00 UTC,0.08340632448843253,29356068.770908523,1574566.721964539
2025-08-05 00:00:00 UTC,0.08685738196935984,30629636.419102073,1965820.360922282
2025-08-06 00:00:00 UTC,0.08390746214109528,29636382.685876843,2301019.338715322
2025-08-07 00:00:00 UTC,0.08302112402963738,29316585.985548783,2479001.8450472862
2025-08-08 00:00:00 UTC,0.08389105564721995,29550425.576634724,2179577.8008208224
2025-08-09 00:00:00 UTC,0.08518141277419142,30033486.90224632,1778538.1677648874
2025-08-10 00:00:00 UTC,0.08676613779472268,30565818.809449073,1614488.4402095182
2025-08-11 00:00:00 UTC,0.0873722876902716,30762219.201585703,1286941.5114356494
2025-08-12 00:00:00 UTC,0.09825816854297531,34713027.63257822,13712410.68957864
2025-08-13 00:00:00 UTC,0.0989839917357393,34885953.23512598,4687457.241981855
2025-08-14 00:00:00 UTC,0.09689117866199068,34234943.66798233,4969149.069201839
2025-08-15 00:00:00 UTC,0.09140416501990352,32514511.29209635,3023837.6959544686
2025-08-16 00:00:00 UTC,0.09320472654975001,33137980.276017617,2245562.412466987
2025-08-17 00:00:00 UTC,0.09386859218218566,33378428.959835734,1406886.228463974
2025-08-18 00:00:00 UTC,0.09593839019080574,33978460.89423225,1829838.9237734796
2025-08-19 00:00:00 UTC,0.09172593794291105,32736125.73796464,3028263.336293403
2025-08-20 00:00:00 UTC,0.0847725787558102,30333283.334964223,2547245.460985955
2025-08-21 00:00:00 UTC,0.08793340650266897,31390268.18494162,2669389.816070643
2025-08-22 00:00:00 UTC,0.08610565045417311,30704899.232494846,1335388.3416412913
2025-08-23 00:00:00 UTC,0.09267053079592948,33074065.491769265,2021788.6098805007
2025-08-24 00:00:00 UTC,0.09146477206612516,32797391.629041884,1174828.261789823
2025-08-25 00:00:00 UTC,0.0890020892497157,31913807.71743907,2028013.0633254354
2025-08-26 00:00:00 UTC,0.08477500603113247,30396890.132394798,2335751.5399688147
2025-08-27 00:00:00 UTC,0.08551744338126958,30851496.302205294,1829160.2837755503
2025-08-28 00:00:00 UTC,0.08886190754023827,32074524.82686286,1892877.1617623842
2025-08-29 00:00:00 UTC,0.08732849490041777,31521208.885977775,1331177.9342325581
2025-08-30 00:00:00 UTC,0.08429524914908736,30670950.82946959,2161517.656589921
2025-08-31 00:00:00 UTC,0.08235502648615455,29906041.016340263,1368646.5558528043
2025-09-01 00:00:00 UTC,0.07949134710719762,28880239.33984238,1302255.1192460826
2025-09-02 00:00:00 UTC,0.0740691487194105,26910454.450121373,1580067.931158737
2025-09-03 00:00:00 UTC,0.07511209308369869,27314140.22030551,1987585.6675549513
2025-09-04 00:00:00 UTC,0.07677009705883531,27862688.59958482,1436875.9967668685
2025-09-05 00:00:00 UTC,0.0759974310199103,27609462.218929444,2214430.8243773426
2025-09-06 00:00:00 UTC,0.07620267566793038,27881124.128571555,1608905.864849196
2025-09-07 00:00:00 UTC,0.07566822271687772,27490300.170044277,1134002.9167390072
2025-09-08 00:00:00 UTC,0.07553462795864734,27639228.739459485,1050474.6620312121
2025-09-09 00:00:00 UTC,0.07580616063730349,27934148.779269192,1024668.0422120459
2025-09-10 00:00:00 UTC,0.07488176481365416,27571994.46906751,2008628.0120746882
2025-09-11 00:00:00 UTC,0.07555426916927474,27843474.19971297,2147837.1434790734
2025-09-12 00:00:00 UTC,0.07595653414233348,27983951.97665818,2797423.1227887934
2025-09-13 00:00:00 UTC,0.07789360687001114,28825819.594504245,2152579.234517604
2025-09-14 00:00:00 UTC,0.08062182886527423,29708386.31934148,1506548.835254314
2025-09-15 00:00:00 UTC,0.09266984001393298,34070270.463085264,9021230.492359065
2025-09-16 00:00:00 UTC,0.11012875996915635,40433241.523753956,22067384.722308584
2025-09-17 00:00:00 UTC,0.09392974313356708,34610433.32343062,7062700.028816192
2025-09-18 00:00:00 UTC,0.09039052572907895,33299946.876336146,4362981.889925427
2025-09-19 00:00:00 UTC,0.08669937834265351,31958230.277258057,2579731.169330348
2025-09-20 00:00:00 UTC,0.08205307793390058,30232021.546563607,1740408.8508213577
2025-09-21 00:00:00 UTC,0.0892550482676984,32896258.87961227,4299888.732684551
2025-09-22 00:00:00 UTC,0.08181299999159684,30146873.179541495,2331958.0442051794
2025-09-23 00:00:00 UTC,0.0780762432646182,28681613.29263593,2501542.6011772314
2025-09-24 00:00:00 UTC,0.07876571204097405,29019903.599336766,1821557.8606619183
2025-09-25 00:00:00 UTC,0.0771546019554176,28431154.6671742,1774602.2123112562
2025-09-26 00:00:00 UTC,0.07777797701809433,28668204.417740002,4537620.79738805
2025-09-27 00:00:00 UTC,0.07835980469087951,28906873.610027052,2260724.3473285534
2025-09-28 00:00:00 UTC,0.07582781382332468,27941653.25247125,1439419.4687718241
2025-09-29 00:00:00 UTC,0.07811393807844556,28768392.33899316,1205401.0058133565
2025-09-30 00:00:00 UTC,0.0772030999207146,28445866.82658297,2808891.7686772463
2025-10-01 00:00:00 UTC,0.07052414837346889,25999710.996660486,2479394.122994502
2025-10-02 00:00:00 UTC,0.07355433155282086,27079815.93753199,2055377.4684663592
2025-10-03 00:00:00 UTC,0.07433567271175151,27391144.001228135,2088008.0500853874
2025-10-04 00:00:00 UTC,0.07423445064890435,27353379.515914336,2300345.3555780584
2025-10-05 00:00:00 UTC,0.07378634516362124,27189250.695266116,1362017.2748426963
2025-10-06 00:00:00 UTC,0.0733828917101913,27039881.92023154,1864336.7477200856
2025-10-07 00:00:00 UTC,0.07388234656160445,27230416.764560007,2394903.685113488
2025-10-08 00:00:00 UTC,0.07162606907546139,26367527.31788827,2694282.4562818683
2025-10-09 00:00:00 UTC,0.07244445714946295,26694359.308186468,2066547.2545521362
2025-10-10 00:00:00 UTC,0.07176832795731737,26449519.815009747,2245795.553283717
2025-10-11 00:00:00 UTC,0.06241993153032987,23002986.471468255,4178480.663867439
2025-10-12 00:00:00 UTC,0.06047094220062606,22332746.084298037,3861909.650803521
2025-10-13 00:00:00 UTC,0.06696843257634752,24594376.16591301,3434456.6429380956
2025-10-14 00:00:00 UTC,0.06738776240521974,24828052.917121593,2437328.9562562187
2025-10-15 00:00:00 UTC,0.0655395301829579,24154353.11889387,2473118.535425953
2025-10-16 00:00:00 UTC,0.0630024680498071,23263916.612175386,2418114.6276429566
2025-10-17 00:00:00 UTC,0.0635564403387079,23492668.92966876,2686766.486525289
2025-10-18 00:00:00 UTC,0.06145755433364837,22651459.599910136,3182001.2355808853
2025-10-19 00:00:00 UTC,0.06213605046383846,22892982.5251396,1169169.1097819717
2025-10-20 00:00:00 UTC,0.06237660406585183,23000132.895490255,1538040.5975961091
2025-10-21 00:00:00 UTC,0.060267004426726806,22271805.549423743,1780066.9377083408
2025-10-22 00:00:00 UTC,0.06123280513151424,22558982.545573514,2284446.79855458
2025-10-23 00:00:00 UTC,0.05792276016069912,21344783.9134845,1938453.2280900215
2025-10-24 00:00:00 UTC,0.0597329059983523,22011448.988491293,1717406.4148470785
2025-10-25 00:00:00 UTC,0.05822246573855519,21474771.835146718,1663502.0166237825
2025-10-26 00:00:00 UTC,0.05771360659781821,21259138.793936748,789885.9005782325
2025-10-27 00:00:00 UTC,0.059288287549219776,21846411.347853668,1085409.9128497613
2025-10-28 00:00:00 UTC,0.056692871406069274,20892241.02968398,1481171.9070568911
2025-10-29 00:00:00 UTC,0.05496684588391682,20251968.66079506,1440577.5027849239
2025-10-30 00:00:00 UTC,0.0532567247583221,19620609.092173766,1691122.7606713143
2025-10-31 00:00:00 UTC,0.0526290435734309,19392507.212022047,1956011.5274241276
2025-11-01 00:00:00 UTC,0.055799664237411714,20560863.994507346,1570377.3124406892
2025-11-02 00:00:00 UTC,0.05404899167520257,19886157.634060808,1050870.4758323885
2025-11-03 00:00:00 UTC,0.052884193624186594,19469290.04294488,796051.4490095449
2025-11-04 00:00:00 UTC,0.049363859089602044,18187476.17519042,2305101.6914455066
2025-11-05 00:00:00 UTC,0.046303799483414045,17049789.35595151,2896853.91674172
2025-11-06 00:00:00 UTC,0.052840724300807926,19499371.459345978,2238977.071011305
2025-11-07 00:00:00 UTC,0.04777751347487562,17604843.88653685,1553735.7782701722
2025-11-08 00:00:00 UTC,0.052967424900151674,19419515.093303025,1899055.0670632918
2025-11-09 00:00:00 UTC,0.05532960086672797,20363782.953064542,1038488.6949726886
2025-11-10 00:00:00 UTC,0.05663060701741318,20865754.19864814,2378024.1572862165
2025-11-11 00:00:00 UTC,0.05665760478151253,20891152.795894414,1589399.5505472268
2025-11-12 00:00:00 UTC,0.053778253528173205,19815656.050343893,1533422.3082719236
2025-11-13 00:00:00 UTC,0.05239406950735088,19306005.396805633,1688173.6692979117
2025-11-14 00:00:00 UTC,0.047605259603953155,17541403.465622045,1932248.5175707114
2025-11-15 00:00:00 UTC,0.047282830806706734,17419331.906948008,1567242.772752239
2025-11-16 00:00:00 UTC,0.04702466332767491,17327416.285404313,1063239.9707320798
2025-11-17 00:00:00 UTC,0.04477887070179914,16504124.273972288,1362439.0109024693
2025-11-18 00:00:00 UTC,0.043118103132187106,15888028.617173756,1454011.1939936196
2025-11-19 00:00:00 UTC,0.04328428671598657,15972318.799640516,1459840.5409815528
2025-11-20 00:00:00 UTC,0.04060185712285416,14957790.361689419,3079012.34142241
2025-11-21 00:00:00 UTC,0.04136123680832185,15121198.259942718,2158777.0400062385
2025-11-22 00:00:00 UTC,0.039082644536478646,14397131.485027086,2222834.1037142365
2025-11-23 00:00:00 UTC,0.037264988052305825,13783099.490843507,876421.3621785224
2025-11-24 00:00:00 UTC,0.03926193169292609,14494956.442302857,1301316.5613107542
2025-11-25 00:00:00 UTC,0.04190511179090434,15444328.567414694,4371759.914491104
2025-11-26 00:00:00 UTC,0.0402205261638876,14819909.911473267,2400903.628554207
2025-11-27 00:00:00 UTC,0.04031859938171701,14879724.949791886,2366647.784586561
2025-11-28 00:00:00 UTC,0.04175599718756004,15445705.483795967,2417517.800902668
2025-11-29 00:00:00 UTC,0.04272731262588718,15775099.165341647,2362616.131646348
2025-11-30 00:00:00 UTC,0.04134742455367014,15235503.301101984,1635201.8704922148
2025-12-01 00:00:00 UTC,0.04073287031662403,14991613.593186306,1643044.559006906
2025-12-02 00:00:00 UTC,0.03950865058801008,14560751.343420256,2427219.0313773896
2025-12-03 00:00:00 UTC,0.04006318278114822,14758100.83670572,2198950.927888343
2025-12-04 00:00:00 UTC,0.040433180287549546,14898626.901063723,2263951.8486322993
2025-12-05 00:00:00 UTC,0.040475728432727856,14913806.625641078,1751843.1519934288
2025-12-06 00:00:00 UTC,0.038737644172861393,14273161.407477548,1202783.204312509
2025-12-07 00:00:00 UTC,0.038230171630599635,14070204.837642876,738856.7700522584
2025-12-08 00:00:00 UTC,0.03751197311612826,13822810.335974002,823742.3135506589
2025-12-09 00:00:00 UTC,0.037112421843230006,13649194.419453928,1074015.678351372
2025-12-10 00:00:00 UTC,0.03715615149464808,13694312.108167905,1376831.4098206477
2025-12-11 00:00:00 UTC,0.036874411051933176,13561986.003643325,1106800.1300022486
2025-12-12 00:00:00 UTC,0.03708103293093182,13655346.2373875,1311266.4838291379
2025-12-13 00:00:00 UTC,0.03804581314589113,14014042.676276807,1289504.7343974074
2025-12-14 00:00:00 UTC,0.0391202705657693,14414826.439450135,878173.894061618
2025-12-15 00:00:00 UTC,0.03655494972176347,13463531.054938205,815544.528535349
2025-12-16 00:00:00 UTC,0.035506945974824004,13089395.877124557,816556.5128285992
2025-12-17 00:00:00 UTC,0.03550739629282071,13083661.725231763,1019223.8713414305
2025-12-18 00:00:00 UTC,0.0334676335183888,12332609.805803042,1499869.706653342
2025-12-19 00:00:00 UTC,0.032076413769105694,11809065.866165884,765833.8442238157
2025-12-20 00:00:00 UTC,0.0337490756674816,12443183.634887716,806765.6371915195
2025-12-21 00:00:00 UTC,0.03390432722462543,12509584.901254445,564593.2942139605
2025-12-22 00:00:00 UTC,0.03220665953517664,11864312.54030394,1125428.6884568857
2025-12-23 00:00:00 UTC,0.03075448559261119,11340311.754484827,610033.7514592794
2025-12-24 00:00:00 UTC,0.030106879607012124,11116245.413059926,939058.6905692245
2025-12-25 00:00:00 UTC,0.029207775843593565,10758924.41155304,532298.3238054583
2025-12-26 00:00:00 UTC,0.028693327715386657,10575155.533296183,481544.1699312412
2025-12-27 00:00:00 UTC,0.03066986057558596,11336742.022934262,854694.8397106493
2025-12-28 00:00:00 UTC,0.030100109405453743,11092427.685699066,898268.5373366176
2025-12-29 00:00:00 UTC,0.030388759727874366,11176375.350604609,1115603.4302236892
2025-12-30 00:00:00 UTC,0.02982638891579913,10984441.126811989,944118.7806560608
2025-12-31 00:00:00 UTC,0.02823135121572764,10400071.816218426,1037102.7297849004
2026-01-01 00:00:00 UTC,0.027692605945634014,10200053.141541682,772459.8410602103
2026-01-02 00:00:00 UTC,0.02778264011496651,10265318.473071799,537703.2342351706
2026-01-03 00:00:00 UTC,0.02937031693360279,10822922.072599016,542122.0883406845
2026-01-04 00:00:00 UTC,0.029691939217906017,10929560.222759785,419755.1505014575
2026-01-05 00:00:00 UTC,0.0306103033393451,11279139.69512109,799316.7440285344
2026-01-06 00:00:00 UTC,0.03306574811439187,12019258.578585364,1312893.992834924
2026-01-07 00:00:00 UTC,0.040365398093811136,15325269.37418499,2083268.963308375
2026-01-08 00:00:00 UTC,0.0336827085601813,12371517.549515804,1431920.323864211
2026-01-09 00:00:00 UTC,0.03639821325743647,13413518.850193096,2433569.943170099
2026-01-10 00:00:00 UTC,0.047811298992785044,17651515.896804534,11174263.0280127
2026-01-11 00:00:00 UTC,0.04379065424047361,16148100.89853231,2910190.279992585
2026-01-12 00:00:00 UTC,0.04187386426617153,15429483.314711662,1123678.9618487642
2026-01-13 00:00:00 UTC,0.04051380166426969,14832929.303667855,1802913.169443975
2026-01-14 00:00:00 UTC,0.03973063857133447,14637839.94624507,1577671.6418094572
2026-01-15 00:00:00 UTC,0.04201231182186572,15492166.298909195,1833894.012727945
2026-01-16 00:00:00 UTC,0.044066534283528795,16260862.868279021,5493491.539811272
2026-01-17 00:00:00 UTC,0.047582994717809676,17138291.12529159,3038513.821285018
2026-01-18 00:00:00 UTC,0.04805682569088389,17711952.797659013,2469714.3682559994
2026-01-19 00:00:00 UTC,0.04516061325429096,16632777.077725822,1395354.8940533623
2026-01-20 00:00:00 UTC,0.041810475368981484,15406355.255675996,1580565.386805364
2026-01-21 00:00:00 UTC,0.040061634322543324,14755992.725282304,1547514.885265787
2026-01-22 00:00:00 UTC,0.0423501225623002,15612342.183750099,3060814.271350909
2026-01-23 00:00:00 UTC,0.04309933445192466,15903169.456200985,1654775.4239231143
2026-01-24 00:00:00 UTC,0.0426507172993324,15714750.265573451,1331809.32952848
2026-01-25 00:00:00 UTC,0.0420728929958987,15501626.307592463,680915.8310468325
2026-01-26 00:00:00 UTC,0.038394193365923576,14148146.03919867,1119479.053825239
2026-01-27 00:00:00 UTC,0.041127054910646006,15151479.807050768,1169234.1453285727
2026-01-28 00:00:00 UTC,0.04010519373356646,14777276.359876044,901447.9756925623
2026-01-29 00:00:00 UTC,0.03987188691377586,14692602.367077706,914145.288571758
2026-01-30 00:00:00 UTC,0.034630346057481096,12760907.510149831,953202.9620177535
2026-01-31 00:00:00 UTC,0.03347749706226202,12327320.697669493,572039.0016030709
2026-02-01 00:00:00 UTC,0.030271415799060116,11152114.118160084,519703.6788970963
2026-02-02 00:00:00 UTC,0.031086111361227766,11451935.536241272,854776.1194352962
2026-02-03 00:00:00 UTC,0.03467231985061596,12789389.225405049,1647937.1505350007
2026-02-04 00:00:00 UTC,0.031270381245851894,11522362.077944838,630823.8961984505
2026-02-05 00:00:00 UTC,0.03149386278981813,11607067.718434867,468610.8891243555
2026-02-06 00:00:00 UTC,0.02946228211857737,10876987.671534518,696060.547831884
2026-02-07 00:00:00 UTC,0.03357391721987081,12370122.571597852,824268.4502804889
2026-02-08 00:00:00 UTC,0.032418680818931754,11941902.796286585,538207.0134869468
2026-02-09 00:00:00 UTC,0.03167420916116194,11671310.754898136,468762.80457195675
2026-02-10 00:00:00 UTC,0.030951276593013638,11405537.583773633,448151.6603145764
2026-02-11 00:00:00 UTC,0.03034917473309893,11183159.609015893,362843.13974991394
2026-02-12 00:00:00 UTC,0.029141599804764242,10735616.940314414,642163.7390743267
2026-02-13 00:00:00 UTC,0.02850737477938829,10503057.361012084,385285.4436332676
2026-02-14 00:00:00 UTC,0.028385147652975732,10451565.56547554,550449.5864580746
2026-02-15 00:00:00 UTC,0.02925809362945765,10779204.23675052,397132.5608953201
2026-02-16 00:00:00 UTC,0.028200257564805143,10387794.32563061,384672.5178570976
2026-02-17 00:00:00 UTC,0.028977394137487192,10676493.888729256,341548.0922921843
2026-02-18 00:00:00 UTC,0.028974151191358984,10676175.576450821,433162.102012028
2026-02-19 00:00:00 UTC,0.02921149650089651,10755674.019816482,1000504.1738851616
2026-02-20 00:00:00 UTC,0.03022927963271004,11136544.279251793,664549.8655837029
2026-02-21 00:00:00 UTC,0.02946321209904701,10859173.72911203,407615.67886470264
2026-02-22 00:00:00 UTC,0.029761444134219706,10965246.283792017,361664.00931150554
2026-02-23 00:00:00 UTC,0.02908899448629207,10704943.657449873,395945.6028910577
2026-02-24 00:00:00 UTC,0.027322170649597428,10070300.695107218,492065.7231915046
2026-02-25 00:00:00 UTC,0.025631797134600492,9442747.491454944,597616.7317720822
2026-02-26 00:00:00 UTC,0.027680117383218326,10204107.311987065,528998.8534415103
2026-02-27 00:00:00 UTC,0.02617220197538657,9645717.241148649,454180.11274793517
2026-02-28 00:00:00 UTC,0.02492337822811581,9182859.229398888,447002.5941477054
2026-03-01 00:00:00 UTC,0.026325445706430837,9700245.065234246,432296.7156065811
2026-03-02 00:00:00 UTC,0.0254576329310962,9372542.598148368,429631.9356797927
2026-03-03 00:00:00 UTC,0.025902796147861215,9545076.16868453,449857.3106401214
2026-03-04 00:00:00 UTC,0.025849313893105234,9523872.566629667,412581.4936065313
2026-03-05 00:00:00 UTC,0.02676333592932767,9882123.120201593,1297102.4223049465
2026-03-06 00:00:00 UTC,0.026071031385075105,9616974.292651728,733990.8046171076
2026-03-07 00:00:00 UTC,0.026147102701289667,9631341.222992027,528085.3697872213
2026-03-08 00:00:00 UTC,0.026059903230444017,9594758.492413726,654159.7225152417
2026-03-09 00:00:00 UTC,0.02556015874093275,9406241.3674904,374974.07543775585
2026-03-10 00:00:00 UTC,0.02524476440525997,9318201.265150595,621620.8016529353
2026-03-11 00:00:00 UTC,0.02589947072047638,9533366.088563701,624728.3866633199
2026-03-12 00:00:00 UTC,0.026061181388088946,9601866.665910315,442730.47969264275
2026-03-13 00:00:00 UTC,0.026423258990111123,9736317.410705015,635868.137226337
2026-03-14 00:00:00 UTC,0.025454106302306646,9384247.764327003,689360.1286072072
2026-03-15 00:00:00 UTC,0.025641859775680283,9448539.302084861,439365.8157945644
2026-03-16 00:00:00 UTC,0.02633657331024485,9711719.263423007,602714.7248373395
2026-03-17 00:00:00 UTC,0.027041089153885894,9943321.627632728,722031.8311067972
2026-03-18 00:00:00 UTC,0.02643652486921966,9746433.74175215,464331.2203079299
2026-03-19 00:00:00 UTC,0.024974669659114837,9213845.187763836,593784.9325752752
2026-03-20 00:00:00 UTC,0.02474672822986969,9119124.726869809,400390.9267661532
2026-03-21 00:00:00 UTC,0.024781769934138605,9130002.133129446,644576.7230214243
2026-03-22 00:00:00 UTC,0.025112748156767166,9253489.355426783,417726.4507502548
2026-03-23 00:00:00 UTC,0.024666214635251853,9080190.19921824,760905.2995847362
2026-03-24 00:00:00 UTC,0.024430221265417336,9011828.540933039,1477454.1282312744
2026-03-25 00:00:00 UTC,0.025301935082956244,9216502.135470461,2123988.0998500413
2026-03-26 00:00:00 UTC,0.025042399916043265,9176804.237236729,1179181.0271074285
2026-03-27 00:00:00 UTC,0.024144337624835213,8896591.252222164,1336748.3549835128
2026-03-28 00:00:00 UTC,0.023182726039650232,8542261.166645812,1073571.8206076394
2026-03-29 00:00:00 UTC,0.02364401113331677,8733727.880327955,1163206.9331937102
2026-03-30 00:00:00 UTC,0.022506677976013658,8293108.02063101,2436567.8416995048
2026-03-31 00:00:00 UTC,0.02280877149616844,8406433.881821075,1429610.2015998515
2026-04-01 00:00:00 UTC,0.021640125624467457,7974011.863611638,1324762.8624831792
2026-04-02 00:00:00 UTC,0.021623485527401048,7987564.386518468,1077381.7336659553
2026-04-03 00:00:00 UTC,0.02001143773281275,7370397.755561534,1529138.9490428613
2026-04-04 00:00:00 UTC,0.020098098779559415,7415844.74904899,881632.822666831
2026-04-05 00:00:00 UTC,0.020029797047066866,7380795.162974321,1084375.5352231218
2026-04-06 00:00:00 UTC,0.020376808430096073,7508836.927007559,1282972.6740789833
2026-04-07 00:00:00 UTC,0.02036694025826993,7500063.4867317295,894800.3810148743
2026-04-08 00:00:00 UTC,0.020097200947502187,7408430.766715228,1199837.9056359646
2026-04-09 00:00:00 UTC,0.019719937539498935,7266306.632461453,784072.3546616503
2026-04-10 00:00:00 UTC,0.02017277296048348,7429971.3754382515,865210.720904516
2026-04-11 00:00:00 UTC,0.02027482848610462,7467862.9616973195,963272.3945771544
2026-04-12 00:00:00 UTC,0.02048414510690356,7548489.147898292,506452.7442519865
2026-04-13 00:00:00 UTC,0.020006588869654188,7372528.174522884,517089.9252662754
2026-04-14 00:00:00 UTC,0.02017246166640621,7433142.984499198,774631.5097551523
2026-04-15 00:00:00 UTC,0.02038630937153866,7507181.927655883,860523.943906501
2026-04-16 00:00:00 UTC,0.021176167338144113,7793164.081920726,598663.4529542966
2026-04-17 00:00:00 UTC,0.020451678195591936,7539432.826633412,546901.0484811298
2026-04-18 00:00:00 UTC,0.020881458439781963,7685386.466298214,597751.6503981574
2026-04-19 00:00:00 UTC,0.020345326279406283,7492529.885395196,457994.08061164914
2026-04-20 00:00:00 UTC,0.020581517307356932,7583651.044549079,777825.7970345989
2026-04-21 00:00:00 UTC,0.019835848978776358,7311545.078446677,802768.2990734555
2026-04-22 00:00:00 UTC,0.020515772068312017,7559370.044857282,865256.8471195166
2026-04-23 00:00:00 UTC,0.020707310136386464,7632119.242262655,558801.2496359005
2026-04-24 00:00:00 UTC,0.020176119906201457,7440420.300077302,557708.6869507957
2026-04-25 00:00:00 UTC,0.02034391712933342,7496229.219115847,1187438.8738016605
2026-04-26 00:00:00 UTC,0.020434378363107176,7529563.022794166,759892.2673472625
2026-04-27 00:00:00 UTC,0.020728919088435167,7635521.8057720335,616860.3690294699
2026-04-28 00:00:00 UTC,0.020766978318364594,7653972.539734067,1009826.9752150646
2026-04-29 00:00:00 UTC,0.020030414717153167,7379908.981225297,662752.4844153809
2026-04-30 00:00:00 UTC,0.02180229284025369,8042487.980385035,1033761.2854191634
2026-05-01 00:00:00 UTC,0.020550357521100855,7577582.567991074,734877.963216496
2026-05-02 00:00:00 UTC,0.020685027613449165,7621889.507896654,971961.9568750133
2026-05-03 00:00:00 UTC,0.020519662716930738,7561008.868817559,436519.4679846967
2026-05-04 00:00:00 UTC,0.020877264489223626,7692354.520459178,671758.3285400263
2026-05-05 00:00:00 UTC,0.020485766761151783,7547516.12983503,921809.1247938216
2026-05-06 00:00:00 UTC,0.019543540387608204,7202294.69906738,822435.8710138705
2026-05-07 00:00:00 UTC,0.019484029467220703,7181498.913025303,721760.4771827593
2026-05-08 00:00:00 UTC,0.01980503941214854,7310534.174551173,1655661.360818445
2026-05-09 00:00:00 UTC,0.01996846462400519,7358098.526943807,480409.1692756725
2026-05-10 00:00:00 UTC,0.020307401490105122,7482426.775092038,650006.7619096701
2026-05-11 00:00:00 UTC,0.02022416989409779,7453187.738697475,611584.748627424
2026-05-12 00:00:00 UTC,0.020094489450129,7407929.322356153,1209763.3615833903
2026-05-13 00:00:00 UTC,0.02034656788313794,7496437.795064888,725614.1692505776
2026-05-14 00:00:00 UTC,0.01949129341372651,7182668.874603869,572006.2466183985
2026-05-15 00:00:00 UTC,0.019082573879089355,7031448.299170402,873373.9680594002
2026-05-16 00:00:00 UTC,0.019080022819299457,7037802.534742559,560416.2569436423
2026-05-17 00:00:00 UTC,0.018551805071559624,6835132.665122917,563060.4277513943
2026-05-18 00:00:00 UTC,0.01908607640173033,7032768.313975296,499251.3727524223
2026-05-19 00:00:00 UTC,0.018714575657184956,6902495.391154107,608066.0288554571
2026-05-20 00:00:00 UTC,0.01818301215579784,6697635.832279244,620185.0075294746
2026-05-21 00:00:00 UTC,0.01776891794053389,6547376.442534553,551797.2801174427
2026-05-22 00:00:00 UTC,0.01796495583458117,6630068.580098317,583890.1990620967
2026-05-23 00:00:00 UTC,0.017838894625858675,6575899.386235325,818241.5680692303
2026-05-24 00:00:00 UTC,0.01768543631377689,6516860.524323443,503277.34699979186
2026-05-25 00:00:00 UTC,0.017401506587517705,6402411.494791655,400249.8216079945
2026-05-26 00:00:00 UTC,0.017860772667984186,6582255.948102223,524225.68619033415
2026-05-27 00:00:00 UTC,0.01742480596322871,6420610.029271292,879468.4133307708
2026-05-28 00:00:00 UTC,0.017059500160475125,6257381.590449685,472622.4834921905
2026-05-29 00:00:00 UTC,0.01614763421581805,5906176.926534732,354868.7657872288
2026-05-30 00:00:00 UTC,0.01564012022737463,5762997.4762877235,1748136.2011193505
2026-05-31 00:00:00 UTC,0.016254229458540083,5989340.367019697,1162825.4812869676
2026-06-01 00:00:00 UTC,0.016291491795667447,6063249.989265081,1093351.2492719144
2026-06-02 00:00:00 UTC,0.016151077511296047,5905942.3618921945,2727805.894506434
2026-06-03 00:00:00 UTC,0.01577950596697465,5809100.817734116,2403374.747747312
2026-06-04 00:00:00 UTC,0.015804994380357193,5853489.6823121095,1021319.582956652
2026-06-05 00:00:00 UTC,0.01450272610859027,5343520.709781966,1098014.3561010903
2026-06-06 00:00:00 UTC,0.012904303613459702,4754916.719083445,2527399.5677655814
2026-06-07 00:00:00 UTC,0.015742044152910938,5800553.921960752,2071473.6177689277
2026-06-08 00:00:00 UTC,0.013801813535721515,5085670.058515501,2292376.2973225005
2026-06-09 00:00:00 UTC,0.013594095118308017,5027001.499856863,2053749.32501005
2026-06-10 00:00:00 UTC,0.013844591801633006,5101397.958983848,3553336.8349430314
2026-06-11 00:00:00 UTC,0.012851609291085624,4735500.164578641,1925810.5279660746
2026-06-12 00:00:00 UTC,0.012953352841053227,4772587.151295731,2183535.105593972
2026-06-13 00:00:00 UTC,0.012912884761251615,4769865.4163546115,1795172.3137888673
2026-06-14 00:00:00 UTC,0.013340299433378472,4940900.402453604,1844186.6021924207
